acc_kept,ami_all,ami_kept,ari_all,ari_kept,completeness_all,completeness_kept,conservative_overall_accuracy,coverage,dataset,feature,homogeneity_all,homogeneity_kept,k,kept,method,n,nmi_all,nmi_kept,reduction,rejected,rejection_rate,seed,v_measure_all,v_measure_kept
0.9944086021505376,0.6179554102699509,0.6179554102699509,0.13050546161763474,0.13050546161763474,0.4522281657715039,0.4522281657715039,0.9944086021505376,1.0,F_new,DINOv2-vit_base_patch14-224,0.9867197829880491,0.9867197829880491,60,13950,DINOv2+KMeans,13950,0.6202065585149323,0.6202065585149323,raw,0,0.0,11,0.6202065585149324,0.6202065585149324
0.9987096774193548,0.6289712074153824,0.6289712074153824,0.14097750546950338,0.14097750546950338,0.4618877551298746,0.4618877551298746,0.9987096774193548,1.0,F_new,DINOv2-vit_base_patch14-224,0.9963810380955533,0.9963810380955533,60,13950,DINOv2+UMAP+KMeans,13950,0.6311815806220661,0.6311815806220661,umap100,0,0.0,11,0.6311815806220661,0.6311815806220661
0.9987096774193548,0.6295594392631082,0.6295594392631082,0.1420640151969514,0.1420640151969514,0.4625113797600402,0.4625113797600402,0.9987096774193548,1.0,F_new,DINOv2-vit_base_patch14-224,0.9964080392058492,0.9964080392058492,60,13950,DINOv2+UMAP+Birch,13950,0.6317690353916231,0.6317690353916231,umap100,0,0.0,11,0.631769035391623,0.631769035391623
0.9987096774193548,0.63223985529427,0.63223985529427,0.14947016367022029,0.14947016367022029,0.4653697602006199,0.4653697602006199,0.9987096774193548,1.0,F_new,DINOv2-vit_base_patch14-224,0.996482756667741,0.996482756667741,60,13950,DINOv2+UMAP+Agglomerative,13950,0.6344455903225403,0.6344455903225403,umap100,0,0.0,11,0.6344455903225403,0.6344455903225403
0.9985840151038389,0.6289712074153824,0.6376656781991382,0.14097750546950338,0.15306327972395478,0.4618877551298746,0.47146302591700445,0.9099641577060932,0.9112544802867384,F_new,DINOv2-vit_base_patch14-224,0.9963810380955533,0.996076058859966,60,12712,DINOv2+UMAP+any2,13950,0.6311815806220661,0.6400007163352291,umap100,1238,0.08874551971326165,11,0.6311815806220661,0.640000716335229
0.9980151345986851,0.6289712074153824,0.673511658519123,0.14097750546950338,0.21057668180560887,0.4618877551298746,0.5122852000900266,0.5767025089605735,0.5778494623655914,F_new,DINOv2-vit_base_patch14-224,0.9963810380955533,0.9948701286979907,60,8061,DINOv2+UMAP+all3,13950,0.6311815806220661,0.67631681115905,umap100,5889,0.42215053763440863,11,0.6311815806220661,0.6763168111590501
0.9939068100358422,0.620318073802891,0.620318073802891,0.13710976853072793,0.13710976853072793,0.4548573378019514,0.4548573378019514,0.9939068100358422,1.0,F_new,DINOv2-vit_base_patch14-224,0.9861828178740972,0.9861828178740972,60,13950,DINOv2+KMeans,13950,0.6225676492877404,0.6225676492877404,raw,0,0.0,22,0.6225676492877404,0.6225676492877404
0.9977777777777778,0.6286880849224508,0.6286880849224508,0.14217163154131954,0.14217163154131954,0.46202131525339174,0.46202131525339174,0.9977777777777778,1.0,F_new,DINOv2-vit_base_patch14-224,0.9943928392406008,0.9943928392406008,60,13950,DINOv2+UMAP+KMeans,13950,0.6309066497971776,0.6309066497971776,umap100,0,0.0,22,0.6309066497971776,0.6309066497971776
0.9977777777777778,0.6322698042234526,0.6322698042234526,0.15196677336588618,0.15196677336588618,0.46594534922047437,0.46594534922047437,0.9977777777777778,1.0,F_new,DINOv2-vit_base_patch14-224,0.9940319756612827,0.9940319756612827,60,13950,DINOv2+UMAP+Birch,13950,0.6344818760432817,0.6344818760432817,umap100,0,0.0,22,0.6344818760432817,0.6344818760432817
0.9977777777777778,0.6287812483232601,0.6287812483232601,0.1437008846740032,0.1437008846740032,0.4621118885576526,0.4621118885576526,0.9977777777777778,1.0,F_new,DINOv2-vit_base_patch14-224,0.9944313382889471,0.9944313382889471,60,13950,DINOv2+UMAP+Agglomerative,13950,0.6309988406901116,0.6309988406901116,umap100,0,0.0,22,0.6309988406901116,0.6309988406901116
0.997639468093477,0.6286880849224508,0.6413744695600394,0.14217163154131954,0.16171055118275457,0.46202131525339174,0.47590458841246086,0.9088888888888889,0.9110394265232975,F_new,DINOv2-vit_base_patch14-224,0.9943928392406008,0.9943187172228358,60,12709,DINOv2+UMAP+any2,13950,0.6309066497971776,0.6437128809711875,umap100,1241,0.08896057347670251,22,0.6309066497971776,0.6437128809711875
0.9976315789473684,0.6286880849224508,0.6784380198781618,0.14217163154131954,0.23859357286916652,0.46202131525339174,0.5181305861279512,0.5435125448028674,0.5448028673835126,F_new,DINOv2-vit_base_patch14-224,0.9943928392406008,0.9944373785303798,60,7600,DINOv2+UMAP+all3,13950,0.6309066497971776,0.681289613219961,umap100,6350,0.4551971326164875,22,0.6309066497971776,0.681289613219961
0.9938351254480287,0.6202227945092169,0.6202227945092169,0.137406109367901,0.137406109367901,0.4547945239058837,0.4547945239058837,0.9938351254480287,1.0,F_new,DINOv2-vit_base_patch14-224,0.9859995442757096,0.9859995442757096,60,13950,DINOv2+KMeans,13950,0.6224722924855508,0.6224722924855508,raw,0,0.0,33,0.6224722924855508,0.6224722924855508
0.9987096774193548,0.6281316869660191,0.6281316869660191,0.1371680317067583,0.1371680317067583,0.4610080003239353,0.4610080003239353,0.9987096774193548,1.0,F_new,DINOv2-vit_base_patch14-224,0.9963144912132406,0.9963144912132406,60,13950,DINOv2+UMAP+KMeans,13950,0.6303463426320943,0.6303463426320943,umap100,0,0.0,33,0.6303463426320943,0.6303463426320943
0.9987096774193548,0.628856498447968,0.628856498447968,0.14131233606478544,0.14131233606478544,0.46175921041470774,0.46175921041470774,0.9987096774193548,1.0,F_new,DINOv2-vit_base_patch14-224,0.9964019421249097,0.9964019421249097,60,13950,DINOv2+UMAP+Birch,13950,0.6310657409161489,0.6310657409161489,umap100,0,0.0,33,0.631065740916149,0.631065740916149
0.9987096774193548,0.6279396245653224,0.6279396245653224,0.13786336677677188,0.13786336677677188,0.4607556237634285,0.4607556237634285,0.9987096774193548,1.0,F_new,DINOv2-vit_base_patch14-224,0.9965237525982965,0.9965237525982965,60,13950,DINOv2+UMAP+Agglomerative,13950,0.6301522284214769,0.6301522284214769,umap100,0,0.0,33,0.6301522284214769,0.6301522284214769
0.9987031810206728,0.6281316869660191,0.6381737576014598,0.1371680317067583,0.15102509589747512,0.4610080003239353,0.4718758297480203,0.938494623655914,0.9397132616487455,F_new,DINOv2-vit_base_patch14-224,0.9963144912132406,0.9964458808473561,60,13109,DINOv2+UMAP+any2,13950,0.6303463426320943,0.6404573649369885,umap100,841,0.06028673835125448,33,0.6303463426320943,0.6404573649369886
0.9980353634577603,0.6281316869660191,0.6777509484211642,0.1371680317067583,0.2143977765774401,0.4610080003239353,0.5169839014050022,0.582652329749104,0.5837992831541219,F_new,DINOv2-vit_base_patch14-224,0.9963144912132406,0.9951876557353249,60,8144,DINOv2+UMAP+all3,13950,0.6303463426320943,0.6804730514375124,umap100,5806,0.4162007168458781,33,0.6303463426320943,0.6804730514375122
0.9946236559139785,0.618790948290075,0.618790948290075,0.13264094524564485,0.13264094524564485,0.453181499557674,0.453181499557674,0.9946236559139785,1.0,F_new,DINOv2-vit_base_patch14-224,0.9864129695020054,0.9864129695020054,60,13950,DINOv2+KMeans,13950,0.6210417146073729,0.6210417146073729,raw,0,0.0,44,0.6210417146073729,0.6210417146073729
0.9985663082437276,0.6288811263181061,0.6288811263181061,0.13963359291232802,0.13963359291232802,0.4618589620800472,0.4618589620800472,0.9985663082437276,1.0,F_new,DINOv2-vit_base_patch14-224,0.9960831731511229,0.9960831731511229,60,13950,DINOv2+UMAP+KMeans,13950,0.6310949239751994,0.6310949239751994,umap100,0,0.0,44,0.6310949239751994,0.6310949239751994
0.9985663082437276,0.6319581229507756,0.6319581229507756,0.1481625831183536,0.1481625831183536,0.4652538999790582,0.4652538999790582,0.9985663082437276,1.0,F_new,DINOv2-vit_base_patch14-224,0.9956396883910895,0.9956396883910895,60,13950,DINOv2+UMAP+Birch,13950,0.6341669943458207,0.6341669943458207,umap100,0,0.0,44,0.6341669943458207,0.6341669943458207
0.9985663082437276,0.6328656275857586,0.6328656275857586,0.14825469439162064,0.14825469439162064,0.4661093971523869,0.4661093971523869,0.9985663082437276,1.0,F_new,DINOv2-vit_base_patch14-224,0.9961898744296882,0.9961898744296882,60,13950,DINOv2+UMAP+Agglomerative,13950,0.6350730946030867,0.6350730946030867,umap100,0,0.0,44,0.6350730946030868,0.6350730946030868
0.9984609465178915,0.6288811263181061,0.639718188224741,0.13963359291232802,0.15389177453125638,0.4618589620800472,0.4736792957513411,0.9301075268817204,0.9315412186379929,F_new,DINOv2-vit_base_patch14-224,0.9960831731511229,0.9959255839070723,60,12995,DINOv2+UMAP+any2,13950,0.6310949239751994,0.6420083870645502,umap100,955,0.06845878136200717,44,0.6310949239751994,0.6420083870645502
0.9990112470646397,0.6288811263181061,0.6603768826762222,0.13963359291232802,0.1846236026499688,0.4618589620800472,0.49707222092611303,0.579426523297491,0.58,F_new,DINOv2-vit_base_patch14-224,0.9960831731511229,0.9970561706965623,60,8091,DINOv2+UMAP+all3,13950,0.6310949239751994,0.66340875112878,umap100,5859,0.42,44,0.6310949239751994,0.66340875112878
0.9940501792114695,0.6176046047018282,0.6176046047018282,0.13219216522756722,0.13219216522756722,0.45216034706414676,0.45216034706414676,0.9940501792114695,1.0,F_new,DINOv2-vit_base_patch14-224,0.985286002814756,0.985286002814756,60,13950,DINOv2+KMeans,13950,0.6198593234838957,0.6198593234838957,raw,0,0.0,55,0.6198593234838957,0.6198593234838957
0.9978494623655914,0.6276183594887017,0.6276183594887017,0.13953321533113455,0.13953321533113455,0.46078139588830413,0.46078139588830413,0.9978494623655914,1.0,F_new,DINOv2-vit_base_patch14-224,0.9948250341419471,0.9948250341419471,60,13950,DINOv2+UMAP+KMeans,13950,0.6298362777732845,0.6298362777732845,umap100,0,0.0,55,0.6298362777732845,0.6298362777732845
0.9987096774193548,0.6341646950581025,0.6341646950581025,0.1518356111296149,0.1518356111296149,0.4674674501024817,0.4674674501024817,0.9987096774193548,1.0,F_new,DINOv2-vit_base_patch14-224,0.9963701878044413,0.9963701878044413,60,13950,DINOv2+UMAP+Birch,13950,0.6363692516023264,0.6363692516023264,umap100,0,0.0,55,0.6363692516023264,0.6363692516023264
0.9978494623655914,0.629477986571688,0.629477986571688,0.14425165133872708,0.14425165133872708,0.4627992027392715,0.4627992027392715,0.9978494623655914,1.0,F_new,DINOv2-vit_base_patch14-224,0.9946995260700263,0.9946995260700263,60,13950,DINOv2+UMAP+Agglomerative,13950,0.631693377882283,0.631693377882283,umap100,0,0.0,55,0.631693377882283,0.631693377882283
0.9976727949732371,0.6276183594887017,0.6373771392485379,0.13953321533113455,0.15325469770452954,0.46078139588830413,0.47148711832299045,0.9219354838709677,0.9240860215053763,F_new,DINOv2-vit_base_patch14-224,0.9948250341419471,0.9945221325852257,60,12891,DINOv2+UMAP+any2,13950,0.6298362777732845,0.6397017946654148,umap100,1059,0.07591397849462365,55,0.6298362777732845,0.6397017946654148
0.9990609068956265,0.6276183594887017,0.682260028921627,0.13953321533113455,0.22110662896420583,0.46078139588830413,0.521569508561245,0.5338351254480287,0.5343369175627241,F_new,DINOv2-vit_base_patch14-224,0.9948250341419471,0.9975344953268311,60,7454,DINOv2+UMAP+all3,13950,0.6298362777732845,0.6849874336041024,umap100,6496,0.465663082437276,55,0.6298362777732845,0.6849874336041024
0.9133273968536658,0.627996474784603,0.627996474784603,0.19016437412505668,0.19016437412505668,0.49288732622721493,0.49288732622721493,0.9133273968536658,1.0,V_new,DINOv2-vit_base_patch14-224,0.8724468409584831,0.8724468409584831,60,20214,DINOv2+KMeans,20214,0.6299087813817532,0.6299087813817532,raw,0,0.0,11,0.6299087813817532,0.6299087813817532
0.961313940833086,0.7794339160276464,0.7794339160276464,0.49861384057980107,0.49861384057980107,0.6671251054640043,0.6671251054640043,0.961313940833086,1.0,V_new,DINOv2-vit_base_patch14-224,0.9412499518764958,0.9412499518764958,60,20214,DINOv2+UMAP+KMeans,20214,0.7808271715577351,0.7808271715577351,umap100,0,0.0,11,0.780827171557735,0.780827171557735
0.9739784307905412,0.7750629910100619,0.7750629910100619,0.45036332053056294,0.45036332053056294,0.6534990733137648,0.6534990733137648,0.9739784307905412,1.0,V_new,DINOv2-vit_base_patch14-224,0.9563713831092978,0.9563713831092978,60,20214,DINOv2+UMAP+Birch,20214,0.7764448500960468,0.7764448500960468,umap100,0,0.0,11,0.7764448500960468,0.7764448500960468
0.9779855545661422,0.8128228992370655,0.8128228992370655,0.5980734908766474,0.5980734908766474,0.70723537405564,0.70723537405564,0.9779855545661422,1.0,V_new,DINOv2-vit_base_patch14-224,0.9588290045715008,0.9588290045715008,60,20214,DINOv2+UMAP+Agglomerative,20214,0.8140355179579559,0.8140355179579559,umap100,0,0.0,11,0.814035517957956,0.814035517957956
0.9759850663437768,0.7794339160276464,0.7900680964646423,0.49861384057980107,0.5069447310410993,0.6671251054640043,0.6760382618658054,0.9570099930741071,0.9805580290887503,V_new,DINOv2-vit_base_patch14-224,0.9412499518764958,0.9543021813966918,60,19821,DINOv2+UMAP+any2,20214,0.7808271715577351,0.7914233995387586,umap100,393,0.01944197091124963,11,0.780827171557735,0.7914233995387585
0.9873890376215302,0.7794339160276464,0.8367884809598617,0.49861384057980107,0.6335896926429733,0.6671251054640043,0.7363115036414829,0.6933313545067775,0.7021866033442169,V_new,DINOv2-vit_base_patch14-224,0.9412499518764958,0.9727455550231189,60,14194,DINOv2+UMAP+all3,20214,0.7808271715577351,0.8381741717146526,umap100,6020,0.2978133966557831,11,0.780827171557735,0.8381741717146526
0.9073414465222124,0.6269399961665495,0.6269399961665495,0.18839510302854046,0.18839510302854046,0.4920903132466072,0.4920903132466072,0.9073414465222124,1.0,V_new,DINOv2-vit_base_patch14-224,0.8709143674592857,0.8709143674592857,60,20214,DINOv2+KMeans,20214,0.6288584770993704,0.6288584770993704,raw,0,0.0,22,0.6288584770993704,0.6288584770993704
0.9754625507074305,0.7865670228514221,0.7865670228514221,0.48877317943953674,0.48877317943953674,0.6699855362647857,0.6699855362647857,0.9754625507074305,1.0,V_new,DINOv2-vit_base_patch14-224,0.9561885849877031,0.9561885849877031,60,20214,DINOv2+UMAP+KMeans,20214,0.7879015088369922,0.7879015088369922,umap100,0,0.0,22,0.7879015088369923,0.7879015088369923
0.9755614920352231,0.7873228685272166,0.7873228685272166,0.487866624516868,0.487866624516868,0.6706730975030065,0.6706730975030065,0.9755614920352231,1.0,V_new,DINOv2-vit_base_patch14-224,0.9570010574780177,0.9570010574780177,60,20214,DINOv2+UMAP+Birch,20214,0.7886527675926851,0.7886527675926851,umap100,0,0.0,22,0.7886527675926851,0.7886527675926851
0.9766498466409419,0.8121179608490169,0.8121179608490169,0.5992957870302889,0.5992957870302889,0.7075279326040712,0.7075279326040712,0.9766498466409419,1.0,V_new,DINOv2-vit_base_patch14-224,0.9563605671140052,0.9563605671140052,60,20214,DINOv2+UMAP+Agglomerative,20214,0.8133379309838115,0.8133379309838115,umap100,0,0.0,22,0.8133379309838115,0.8133379309838115
0.9797249824350095,0.7865670228514221,0.7924086277657035,0.48877317943953674,0.5004080592704719,0.6699855362647857,0.6763510297437539,0.9657663005837538,0.9857524487978628,V_new,DINOv2-vit_base_patch14-224,0.9561885849877031,0.9603963207377566,60,19926,DINOv2+UMAP+any2,20214,0.7879015088369922,0.7937267047379064,umap100,288,0.014247551202137132,22,0.7879015088369923,0.7937267047379064
0.9858383433533734,0.7865670228514221,0.845915230939397,0.48877317943953674,0.6881693665863163,0.6699855362647857,0.752591211837247,0.7300880577817355,0.740575838527753,V_new,DINOv2-vit_base_patch14-224,0.9561885849877031,0.9688042313238859,60,14970,DINOv2+UMAP+all3,20214,0.7879015088369922,0.8471191827325484,umap100,5244,0.25942416147224695,22,0.7879015088369923,0.8471191827325483
0.9140694568121104,0.6283674863975295,0.6283674863975295,0.18796764603157798,0.18796764603157798,0.49243378525661813,0.49243378525661813,0.9140694568121104,1.0,V_new,DINOv2-vit_base_patch14-224,0.8752714052616949,0.8752714052616949,60,20214,DINOv2+KMeans,20214,0.6302720998763728,0.6302720998763728,raw,0,0.0,33,0.6302720998763728,0.6302720998763728
0.9596814089245078,0.8081788034485823,0.8081788034485823,0.6044481150875848,0.6044481150875848,0.7101145199961654,0.7101145199961654,0.9596814089245078,1.0,V_new,DINOv2-vit_base_patch14-224,0.9410793454926065,0.9410793454926065,60,20214,DINOv2+UMAP+KMeans,20214,0.8094435446621178,0.8094435446621178,umap100,0,0.0,33,0.8094435446621177,0.8094435446621177
0.9715048975957258,0.7687172872020016,0.7687172872020016,0.4340816685358905,0.4340816685358905,0.6468520623802123,0.6468520623802123,0.9715048975957258,1.0,V_new,DINOv2-vit_base_patch14-224,0.9514630846774055,0.9514630846774055,60,20214,DINOv2+UMAP+Birch,20214,0.7701307964642992,0.7701307964642992,umap100,0,0.0,33,0.7701307964642992,0.7701307964642992
0.9631443553972494,0.813290770670236,0.813290770670236,0.6081823153018326,0.6081823153018326,0.7153360777480751,0.7153360777480751,0.9631443553972494,1.0,V_new,DINOv2-vit_base_patch14-224,0.9456459433181532,0.9456459433181532,60,20214,DINOv2+UMAP+Agglomerative,20214,0.8145237593810342,0.8145237593810342,umap100,0,0.0,33,0.8145237593810343,0.8145237593810343
0.9777822866998073,0.8081788034485823,0.8224675286838079,0.6044481150875848,0.6198782407337121,0.7101145199961654,0.7227352718398603,0.9535965172652617,0.9752646680518453,V_new,DINOv2-vit_base_patch14-224,0.9410793454926065,0.9573793643890108,60,19714,DINOv2+UMAP+any2,20214,0.8094435446621178,0.8236721712378525,umap100,500,0.024735331948154745,33,0.8094435446621177,0.8236721712378525
0.9782593449751035,0.8081788034485823,0.8395156078965265,0.6044481150875848,0.657252814400457,0.7101145199961654,0.7462793533962153,0.6900662906896211,0.705402196497477,V_new,DINOv2-vit_base_patch14-224,0.9410793454926065,0.9627745634950965,60,14259,DINOv2+UMAP+all3,20214,0.8094435446621178,0.8408146420779508,umap100,5955,0.294597803502523,33,0.8094435446621177,0.8408146420779509
0.9102602156920946,0.625017328015791,0.625017328015791,0.18785745903019904,0.18785745903019904,0.4901068766890904,0.4901068766890904,0.9102602156920946,1.0,V_new,DINOv2-vit_base_patch14-224,0.8697774740127767,0.8697774740127767,60,20214,DINOv2+KMeans,20214,0.6269414321635715,0.6269414321635715,raw,0,0.0,44,0.6269414321635715,0.6269414321635715
0.9739784307905412,0.8085449073258595,0.8085449073258595,0.599487030772217,0.599487030772217,0.7050560471235064,0.7050560471235064,0.9739784307905412,1.0,V_new,DINOv2-vit_base_patch14-224,0.9510674449894116,0.9510674449894116,60,20214,DINOv2+UMAP+KMeans,20214,0.8097896763200646,0.8097896763200646,umap100,0,0.0,44,0.8097896763200646,0.8097896763200646
0.9817947956861581,0.8201421942298351,0.8201421942298351,0.6123857116712512,0.6123857116712512,0.7161758685577493,0.7161758685577493,0.9817947956861581,1.0,V_new,DINOv2-vit_base_patch14-224,0.9626288678617657,0.9626288678617657,60,20214,DINOv2+UMAP+Birch,20214,0.8213123903974815,0.8213123903974815,umap100,0,0.0,44,0.8213123903974815,0.8213123903974815
0.9781834372217275,0.8241529892004961,0.8241529892004961,0.626672256281774,0.626672256281774,0.7266710852652963,0.7266710852652963,0.9781834372217275,1.0,V_new,DINOv2-vit_base_patch14-224,0.9549537556717801,0.9549537556717801,60,20214,DINOv2+UMAP+Agglomerative,20214,0.8253175917947194,0.8253175917947194,umap100,0,0.0,44,0.8253175917947195,0.8253175917947195
0.9742976688583384,0.8085449073258595,0.8099539451903986,0.599487030772217,0.6033347119782251,0.7050560471235064,0.7067604305697648,0.9676461858118136,0.9931730483823092,V_new,DINOv2-vit_base_patch14-224,0.9510674449894116,0.951854377036309,60,20076,DINOv2+UMAP+any2,20214,0.8097896763200646,0.8111986053288308,umap100,138,0.00682695161769071,44,0.8097896763200646,0.8111986053288307
0.9877314175186516,0.8085449073258595,0.845917832629899,0.599487030772217,0.6670065991635925,0.7050560471235064,0.7507820240148133,0.8841891758187395,0.8951716632037202,V_new,DINOv2-vit_base_patch14-224,0.9510674449894116,0.971482814186834,60,18095,DINOv2+UMAP+all3,20214,0.8097896763200646,0.8469914932390918,umap100,2119,0.1048283367962798,44,0.8097896763200646,0.8469914932390918
0.9109033343227466,0.6316086504969074,0.6316086504969074,0.19404452781905987,0.19404452781905987,0.495544376132798,0.495544376132798,0.9109033343227466,1.0,V_new,DINOv2-vit_base_patch14-224,0.8779071387748195,0.8779071387748195,60,20214,DINOv2+KMeans,20214,0.6335017154441887,0.6335017154441887,raw,0,0.0,55,0.6335017154441885,0.6335017154441885
0.9594835262689225,0.8001708286894316,0.8001708286894316,0.581214712492172,0.581214712492172,0.6991100657947388,0.6991100657947388,0.9594835262689225,1.0,V_new,DINOv2-vit_base_patch14-224,0.9389645021008666,0.9389645021008666,60,20214,DINOv2+UMAP+KMeans,20214,0.8014769873217346,0.8014769873217346,umap100,0,0.0,55,0.8014769873217346,0.8014769873217346
0.9735331948154744,0.802532908431104,0.802532908431104,0.5480405478961919,0.5480405478961919,0.6949007299052274,0.6949007299052274,0.9735331948154744,1.0,V_new,DINOv2-vit_base_patch14-224,0.953182388591323,0.953182388591323,60,20214,DINOv2+UMAP+Birch,20214,0.8038030729532102,0.8038030729532102,umap100,0,0.0,55,0.8038030729532102,0.8038030729532102
0.9801622637775799,0.8271722731643187,0.8271722731643187,0.6296516755121896,0.6296516755121896,0.7297891792801717,0.7297891792801717,0.9801622637775799,1.0,V_new,DINOv2-vit_base_patch14-224,0.9576029758508012,0.9576029758508012,60,20214,DINOv2+UMAP+Agglomerative,20214,0.8283175759675886,0.8283175759675886,umap100,0,0.0,55,0.8283175759675886,0.8283175759675886
0.9642785671402841,0.8001708286894316,0.8058815961942453,0.581214712492172,0.5898616375141332,0.6991100657947388,0.7044786597017798,0.9534975759374691,0.9888196299594341,V_new,DINOv2-vit_base_patch14-224,0.9389645021008666,0.9448948581203932,60,19988,DINOv2+UMAP+any2,20214,0.8014769873217346,0.8071649702326866,umap100,226,0.011180370040565945,55,0.8014769873217346,0.8071649702326867
0.9860372340425532,0.8001708286894316,0.8459979955773381,0.581214712492172,0.6604608629309585,0.6991100657947388,0.7530487575853325,0.8070149401404967,0.8184426635005442,V_new,DINOv2-vit_base_patch14-224,0.9389645021008666,0.9681331837625342,60,16544,DINOv2+UMAP+all3,20214,0.8014769873217346,0.847152150153963,umap100,3670,0.18155733649945582,55,0.8014769873217346,0.8471521501539631
0.8166047087980174,0.6026797184069012,0.6026797184069012,0.21253103443128435,0.21253103443128435,0.4816491919587735,0.4816491919587735,0.8166047087980174,1.0,M_new,DINOv2-vit_base_patch14-224,0.8345014518162772,0.8345014518162772,60,4842,DINOv2+KMeans,4842,0.6107765123342981,0.6107765123342981,raw,0,0.0,11,0.610776512334298,0.610776512334298
0.8436596447748864,0.6226089257055779,0.6226089257055779,0.23732380949271456,0.23732380949271456,0.49820455090867055,0.49820455090867055,0.8436596447748864,1.0,M_new,DINOv2-vit_base_patch14-224,0.8578795215528838,0.8578795215528838,60,4842,DINOv2+UMAP+KMeans,4842,0.6303436349535279,0.6303436349535279,umap100,0,0.0,11,0.6303436349535277,0.6303436349535277
0.8459314332920281,0.6258834875042578,0.6258834875042578,0.24995318718529652,0.24995318718529652,0.5013480160381888,0.5013480160381888,0.8459314332920281,1.0,M_new,DINOv2-vit_base_patch14-224,0.8605167987766257,0.8605167987766257,60,4842,DINOv2+UMAP+Birch,4842,0.6335700653120385,0.6335700653120385,umap100,0,0.0,11,0.6335700653120385,0.6335700653120385
0.8477901693515076,0.6293407268840074,0.6293407268840074,0.26272050444522627,0.26272050444522627,0.505572593755668,0.505572593755668,0.8477901693515076,1.0,M_new,DINOv2-vit_base_patch14-224,0.860805941299741,0.860805941299741,60,4842,DINOv2+UMAP+Agglomerative,4842,0.6370121914211001,0.6370121914211001,umap100,0,0.0,11,0.6370121914211002,0.6370121914211002
0.8483493077742279,0.6226089257055779,0.6282384733857824,0.23732380949271456,0.24655726917046117,0.49820455090867055,0.503541375971344,0.8225939694341181,0.969640644361834,M_new,DINOv2-vit_base_patch14-224,0.8578795215528838,0.8634282551002233,60,4695,DINOv2+UMAP+any2,4842,0.6303436349535279,0.6361104764044911,umap100,147,0.030359355638166045,11,0.6303436349535277,0.636110476404491
0.8715651135005974,0.6226089257055779,0.6582490910136726,0.23732380949271456,0.30197438567235124,0.49820455090867055,0.5357846001341381,0.6026435357290376,0.6914498141263941,M_new,DINOv2-vit_base_patch14-224,0.8578795215528838,0.8832515795979526,60,3348,DINOv2+UMAP+all3,4842,0.6303436349535279,0.6669774895832178,umap100,1494,0.30855018587360594,11,0.6303436349535277,0.6669774895832179
0.8124741842213962,0.6014880226006287,0.6014880226006287,0.2173355844040801,0.2173355844040801,0.48130277709118047,0.48130277709118047,0.8124741842213962,1.0,M_new,DINOv2-vit_base_patch14-224,0.8312643428803224,0.8312643428803224,60,4842,DINOv2+KMeans,4842,0.6096295277210063,0.6096295277210063,raw,0,0.0,22,0.6096295277210064,0.6096295277210064
0.845724907063197,0.625274400351559,0.625274400351559,0.23622825515336923,0.23622825515336923,0.500085290072931,0.500085290072931,0.845724907063197,1.0,M_new,DINOv2-vit_base_patch14-224,0.8619505204123499,0.8619505204123499,60,4842,DINOv2+UMAP+KMeans,4842,0.6329477869973846,0.6329477869973846,umap100,0,0.0,22,0.6329477869973846,0.6329477869973846
0.8558446922759191,0.6272817629957684,0.6272817629957684,0.24877930558887051,0.24877930558887051,0.5017856128545141,0.5017856128545141,0.8558446922759191,1.0,M_new,DINOv2-vit_base_patch14-224,0.8641910653032702,0.8641910653032702,60,4842,DINOv2+UMAP+Birch,4842,0.6349136852196053,0.6349136852196053,umap100,0,0.0,22,0.6349136852196053,0.6349136852196053
0.8539859562164395,0.6354117787821782,0.6354117787821782,0.26797780343425687,0.26797780343425687,0.5115769833727938,0.5115769833727938,0.8539859562164395,1.0,M_new,DINOv2-vit_base_patch14-224,0.8653075133377569,0.8653075133377569,60,4842,DINOv2+UMAP+Agglomerative,4842,0.6430044181929689,0.6430044181929689,umap100,0,0.0,22,0.6430044181929688,0.6430044181929688
0.8569601364314645,0.625274400351559,0.6311716114616515,0.23622825515336923,0.2405503901684194,0.500085290072931,0.5047826643049519,0.8302354399008675,0.9688145394465097,M_new,DINOv2-vit_base_patch14-224,0.8619505204123499,0.8703726198980547,60,4691,DINOv2+UMAP+any2,4842,0.6329477869973846,0.6389809428174551,umap100,151,0.031185460553490293,22,0.6329477869973846,0.6389809428174551
0.8701109165207239,0.625274400351559,0.6506719997247462,0.23622825515336923,0.2758446860446694,0.500085290072931,0.5284083160929264,0.6156546881453945,0.7075588599752168,M_new,DINOv2-vit_base_patch14-224,0.8619505204123499,0.8781808133223293,60,3426,DINOv2+UMAP+all3,4842,0.6329477869973846,0.6598061012822948,umap100,1416,0.29244114002478316,22,0.6329477869973846,0.6598061012822948
0.8050392399834779,0.5942825858654653,0.5942825858654653,0.2051172885460402,0.2051172885460402,0.4742294162206111,0.4742294162206111,0.8050392399834779,1.0,M_new,DINOv2-vit_base_patch14-224,0.8259127776745828,0.8259127776745828,60,4842,DINOv2+KMeans,4842,0.6025066123457169,0.6025066123457169,raw,0,0.0,33,0.602506612345717,0.602506612345717
0.8467575382073523,0.6210573781694614,0.6210573781694614,0.22749172531538378,0.22749172531538378,0.4961755797506408,0.4961755797506408,0.8467575382073523,1.0,M_new,DINOv2-vit_base_patch14-224,0.8581562674757272,0.8581562674757272,60,4842,DINOv2+UMAP+KMeans,4842,0.6287915098554805,0.6287915098554805,umap100,0,0.0,33,0.6287915098554805,0.6287915098554805
0.8539859562164395,0.62538518099911,0.62538518099911,0.2331744783550757,0.2331744783550757,0.4991017002705324,0.4991017002705324,0.8539859562164395,1.0,M_new,DINOv2-vit_base_patch14-224,0.865135673035835,0.865135673035835,60,4842,DINOv2+UMAP+Birch,4842,0.6330140103556733,0.6330140103556733,umap100,0,0.0,33,0.6330140103556732,0.6330140103556732
0.8506815365551424,0.6300977052499488,0.6300977052499488,0.2609800962707006,0.2609800962707006,0.505735695632914,0.505735695632914,0.8506815365551424,1.0,M_new,DINOv2-vit_base_patch14-224,0.8629878467640929,0.8629878467640929,60,4842,DINOv2+UMAP+Agglomerative,4842,0.6377383678834916,0.6377383678834916,umap100,0,0.0,33,0.6377383678834916,0.6377383678834916
0.8563548102383054,0.6210573781694614,0.6271768804174294,0.22749172531538378,0.23745774671226721,0.4961755797506408,0.5019820670508559,0.8015282940933498,0.9359768690623709,M_new,DINOv2-vit_base_patch14-224,0.8581562674757272,0.8649172205188486,60,4532,DINOv2+UMAP+any2,4842,0.6287915098554805,0.635266896591739,umap100,310,0.06402313093762908,33,0.6287915098554805,0.6352668965917388
0.8578476719087265,0.6210573781694614,0.645844455565995,0.22749172531538378,0.26905769138475244,0.4961755797506408,0.5247398811192185,0.5745559686080132,0.6697645600991325,M_new,DINOv2-vit_base_patch14-224,0.8581562674757272,0.871948014986047,60,3243,DINOv2+UMAP+all3,4842,0.6287915098554805,0.6551870306914046,umap100,1599,0.3302354399008674,33,0.6287915098554805,0.6551870306914045
0.8145394465097068,0.5975144519482486,0.5975144519482486,0.2065626019823811,0.2065626019823811,0.47693374930848,0.47693374930848,0.8145394465097068,1.0,M_new,DINOv2-vit_base_patch14-224,0.8296538153507207,0.8296538153507207,60,4842,DINOv2+KMeans,4842,0.6056844799169859,0.6056844799169859,raw,0,0.0,44,0.6056844799169859,0.6056844799169859
0.849029326724494,0.6243205178307533,0.6243205178307533,0.23248084490682044,0.23248084490682044,0.49926539248720314,0.49926539248720314,0.849029326724494,1.0,M_new,DINOv2-vit_base_patch14-224,0.8609336472045507,0.8609336472045507,60,4842,DINOv2+UMAP+KMeans,4842,0.6320168780216573,0.6320168780216573,umap100,0,0.0,44,0.6320168780216573,0.6320168780216573
0.8424204874019,0.6254595203233075,0.6254595203233075,0.24655160745011737,0.24655160745011737,0.5009582855663298,0.5009582855663298,0.8424204874019,1.0,M_new,DINOv2-vit_base_patch14-224,0.8600999288832936,0.8600999288832936,60,4842,DINOv2+UMAP+Birch,4842,0.633145858442699,0.633145858442699,umap100,0,0.0,44,0.633145858442699,0.633145858442699
0.8535729037587774,0.6293287288730115,0.6293287288730115,0.25638921004262255,0.25638921004262255,0.504197939033446,0.504197939033446,0.8535729037587774,1.0,M_new,DINOv2-vit_base_patch14-224,0.8645713518569804,0.8645713518569804,60,4842,DINOv2+UMAP+Agglomerative,4842,0.636944584678801,0.636944584678801,umap100,0,0.0,44,0.636944584678801,0.636944584678801
0.8547700170357752,0.6243205178307533,0.6294549890269251,0.23248084490682044,0.24152517888752234,0.49926539248720314,0.5042302274991659,0.828996282527881,0.969847170590665,M_new,DINOv2-vit_base_patch14-224,0.8609336472045507,0.8657589762207238,60,4696,DINOv2+UMAP+any2,4842,0.6320168780216573,0.6372923879310755,umap100,146,0.030152829409334985,44,0.6320168780216573,0.6372923879310755
0.8773402194964494,0.6243205178307533,0.6714972682096624,0.23248084490682044,0.31662007606542947,0.49926539248720314,0.5512729537842139,0.5613382899628253,0.6398182569186287,M_new,DINOv2-vit_base_patch14-224,0.8609336472045507,0.8890540867088611,60,3098,DINOv2+UMAP+all3,4842,0.6320168780216573,0.6805558163875587,umap100,1744,0.36018174308137135,44,0.6320168780216573,0.6805558163875587
0.8085501858736059,0.6053604045697447,0.6053604045697447,0.22249094977463996,0.22249094977463996,0.48491189614439395,0.48491189614439395,0.8085501858736059,1.0,M_new,DINOv2-vit_base_patch14-224,0.8346862029016491,0.8346862029016491,60,4842,DINOv2+KMeans,4842,0.6134432440107366,0.6134432440107366,raw,0,0.0,55,0.6134432440107367,0.6134432440107367
0.8510945890128047,0.6269635559998753,0.6269635559998753,0.24383038828640793,0.24383038828640793,0.5027412510757098,0.5027412510757098,0.8510945890128047,1.0,M_new,DINOv2-vit_base_patch14-224,0.8604150970413637,0.8604150970413637,60,4842,DINOv2+UMAP+KMeans,4842,0.6346537767711042,0.6346537767711042,umap100,0,0.0,55,0.6346537767711042,0.6346537767711042
0.8467575382073523,0.6269201722236117,0.6269201722236117,0.25009761505263517,0.25009761505263517,0.5027214018537458,0.5027214018537458,0.8467575382073523,1.0,M_new,DINOv2-vit_base_patch14-224,0.860288137661995,0.860288137661995,60,4842,DINOv2+UMAP+Birch,4842,0.6346034213630561,0.6346034213630561,umap100,0,0.0,55,0.6346034213630561,0.6346034213630561
0.8529533250722842,0.6317167122099897,0.6317167122099897,0.2539796868166077,0.2539796868166077,0.5080681929444139,0.5080681929444139,0.8529533250722842,1.0,M_new,DINOv2-vit_base_patch14-224,0.8621764832014754,0.8621764832014754,60,4842,DINOv2+UMAP+Agglomerative,4842,0.6393667575508318,0.6393667575508318,umap100,0,0.0,55,0.6393667575508318,0.6393667575508318
0.8558597091531224,0.6269635559998753,0.6307422916754677,0.24383038828640793,0.2508224562701112,0.5027412510757098,0.5061035740046017,0.8265179677819083,0.9657166460140438,M_new,DINOv2-vit_base_patch14-224,0.8604150970413637,0.8651857394865029,60,4676,DINOv2+UMAP+any2,4842,0.6346537767711042,0.638630507251851,umap100,166,0.034283353985956215,55,0.6346537767711042,0.6386305072518511
0.8710832587287377,0.6269635559998753,0.6598318212694992,0.24383038828640793,0.30010014264008045,0.5027412510757098,0.5381726617904484,0.6028500619578686,0.6920693928128873,M_new,DINOv2-vit_base_patch14-224,0.8604150970413637,0.8813439288795507,60,3351,DINOv2+UMAP+all3,4842,0.6346537767711042,0.6682770899269123,umap100,1491,0.30793060718711274,55,0.6346537767711042,0.6682770899269123
0.9973190348525469,0.49224527032946364,0.49224527032946364,0.09903392000177576,0.09903392000177576,0.3313498890998909,0.3313498890998909,0.9973190348525469,1.0,G_new,DINOv2-vit_base_patch14-224,0.9926082434766944,0.9926082434766944,60,3730,DINOv2+KMeans,3730,0.49684445950803463,0.49684445950803463,raw,0,0.0,11,0.49684445950803463,0.49684445950803463
0.999195710455764,0.49189121528634655,0.49189121528634655,0.09408218603018992,0.09408218603018992,0.3305311762959903,0.3305311762959903,0.999195710455764,1.0,G_new,DINOv2-vit_base_patch14-224,0.9969584406651971,0.9969584406651971,60,3730,DINOv2+UMAP+KMeans,3730,0.4964646681992367,0.4964646681992367,umap100,0,0.0,11,0.49646466819923674,0.49646466819923674
0.999195710455764,0.49781159978852463,0.49781159978852463,0.10488861978956603,0.10488861978956603,0.3357855744358433,0.3357855744358433,0.999195710455764,1.0,G_new,DINOv2-vit_base_patch14-224,0.9972515310399207,0.9972515310399207,60,3730,DINOv2+UMAP+Birch,3730,0.5024056372200544,0.5024056372200544,umap100,0,0.0,11,0.5024056372200543,0.5024056372200543
0.999195710455764,0.4956649601920324,0.4956649601920324,0.10129908237666951,0.10129908237666951,0.33384325899182404,0.33384325899182404,0.999195710455764,1.0,G_new,DINOv2-vit_base_patch14-224,0.9973912349346775,0.9973912349346775,60,3730,DINOv2+UMAP+Agglomerative,3730,0.500245962495104,0.500245962495104,umap100,0,0.0,11,0.500245962495104,0.500245962495104
0.9994303617203076,0.49189121528634655,0.49345834850633763,0.09408218603018992,0.09606705914904937,0.3305311762959903,0.33205335841423644,0.9407506702412869,0.9412868632707775,G_new,DINOv2-vit_base_patch14-224,0.9969584406651971,0.9980451629360958,60,3511,DINOv2+UMAP+any2,3730,0.4964646681992367,0.49831533962697555,umap100,219,0.05871313672922252,11,0.49646466819923674,0.49831533962697555
0.999128160418483,0.49189121528634655,0.5138345421243539,0.09408218603018992,0.12378367626107285,0.3305311762959903,0.3519669517266739,0.6144772117962467,0.6150134048257373,G_new,DINOv2-vit_base_patch14-224,0.9969584406651971,0.997087017762904,60,2294,DINOv2+UMAP+all3,3730,0.4964646681992367,0.5202781892870157,umap100,1436,0.38498659517426276,11,0.49646466819923674,0.5202781892870157
0.9989276139410188,0.49715180251216773,0.49715180251216773,0.10427066668113748,0.10427066668113748,0.33527775806827853,0.33527775806827853,0.9989276139410188,1.0,G_new,DINOv2-vit_base_patch14-224,0.9965562066490359,0.9965562066490359,60,3730,DINOv2+KMeans,3730,0.5017489260761351,0.5017489260761351,raw,0,0.0,22,0.501748926076135,0.501748926076135
0.9989276139410188,0.493396699139593,0.493396699139593,0.09789406552091125,0.09789406552091125,0.33194971761675957,0.33194971761675957,0.9989276139410188,1.0,G_new,DINOv2-vit_base_patch14-224,0.9962661332565789,0.9962661332565789,60,3730,DINOv2+UMAP+KMeans,3730,0.4979766826125606,0.4979766826125606,umap100,0,0.0,22,0.4979766826125607,0.4979766826125607
0.9989276139410188,0.4975912491578383,0.4975912491578383,0.10574630369665652,0.10574630369665652,0.33575891369874916,0.33575891369874916,0.9989276139410188,1.0,G_new,DINOv2-vit_base_patch14-224,0.9958554271094385,0.9958554271094385,60,3730,DINOv2+UMAP+Birch,3730,0.5021984611615606,0.5021984611615606,umap100,0,0.0,22,0.5021984611615606,0.5021984611615606
0.9989276139410188,0.4951547217315204,0.4951547217315204,0.10096066207461178,0.10096066207461178,0.33351360463695595,0.33351360463695595,0.9989276139410188,1.0,G_new,DINOv2-vit_base_patch14-224,0.9963267512227468,0.9963267512227468,60,3730,DINOv2+UMAP+Agglomerative,3730,0.49974197990361213,0.49974197990361213,umap100,0,0.0,22,0.4997419799036121,0.4997419799036121
0.9988439306358381,0.493396699139593,0.4932859921300463,0.09789406552091125,0.09845478430608663,0.33194971761675957,0.3322140074413718,0.9265415549597855,0.9276139410187667,G_new,DINOv2-vit_base_patch14-224,0.9962661332565789,0.9959950121796945,60,3460,DINOv2+UMAP+any2,3730,0.4979766826125606,0.4982400954967678,umap100,270,0.07238605898123325,22,0.4979766826125607,0.4982400954967679
0.9995353159851301,0.493396699139593,0.519357762636159,0.09789406552091125,0.12875357766726375,0.33194971761675957,0.3565947077995786,0.5766756032171582,0.5769436997319035,G_new,DINOv2-vit_base_patch14-224,0.9962661332565789,0.9984870116172431,60,2152,DINOv2+UMAP+all3,3730,0.4979766826125606,0.5255110139077938,umap100,1578,0.42305630026809654,22,0.4979766826125607,0.5255110139077938
0.9975871313672923,0.49740569227406833,0.49740569227406833,0.10804667396322783,0.10804667396322783,0.3357548830868689,0.3357548830868689,0.9975871313672923,1.0,G_new,DINOv2-vit_base_patch14-224,0.9943895449173444,0.9943895449173444,60,3730,DINOv2+KMeans,3730,0.5020073585504959,0.5020073585504959,raw,0,0.0,33,0.5020073585504959,0.5020073585504959
0.999195710455764,0.4930588409342503,0.4930588409342503,0.09713415796962838,0.09713415796962838,0.33156032262260804,0.33156032262260804,0.999195710455764,1.0,G_new,DINOv2-vit_base_patch14-224,0.9970136929793268,0.9970136929793268,60,3730,DINOv2+UMAP+KMeans,3730,0.4976315625947457,0.4976315625947457,umap100,0,0.0,33,0.49763156259474567,0.49763156259474567
0.999195710455764,0.4964366743601041,0.4964366743601041,0.10311511526505808,0.10311511526505808,0.3345707814429668,0.3345707814429668,0.999195710455764,1.0,G_new,DINOv2-vit_base_patch14-224,0.9970779226399129,0.9970779226399129,60,3730,DINOv2+UMAP+Birch,3730,0.5010227377751473,0.5010227377751473,umap100,0,0.0,33,0.5010227377751473,0.5010227377751473
0.999195710455764,0.4969042463980247,0.4969042463980247,0.10380728115842541,0.10380728115842541,0.3349765075097721,0.3349765075097721,0.999195710455764,1.0,G_new,DINOv2-vit_base_patch14-224,0.9971732092989369,0.9971732092989369,60,3730,DINOv2+UMAP+Agglomerative,3730,0.501489577062657,0.501489577062657,umap100,0,0.0,33,0.501489577062657,0.501489577062657
0.9991369390103567,0.4930588409342503,0.49349899519718127,0.09713415796962838,0.0974412497733854,0.33156032262260804,0.3322571257121377,0.9310991957104557,0.9319034852546917,G_new,DINOv2-vit_base_patch14-224,0.9970136929793268,0.9969466426788716,60,3476,DINOv2+UMAP+any2,3730,0.4976315625947457,0.4984075938722534,umap100,254,0.06809651474530831,33,0.49763156259474567,0.4984075938722535
0.9987035436473639,0.4930588409342503,0.5138272141250261,0.09713415796962838,0.12699528832487042,0.33156032262260804,0.35191636203552396,0.6195710455764075,0.6203753351206435,G_new,DINOv2-vit_base_patch14-224,0.9970136929793268,0.9956695930488558,60,2314,DINOv2+UMAP+all3,3730,0.4976315625947457,0.5200297905348887,umap100,1416,0.3796246648793566,33,0.49763156259474567,0.5200297905348886
0.9975871313672923,0.4920323855841687,0.4920323855841687,0.09877562794775764,0.09877562794775764,0.3312192833206808,0.3312192833206808,0.9975871313672923,1.0,G_new,DINOv2-vit_base_patch14-224,0.9921147990331349,0.9921147990331349,60,3730,DINOv2+KMeans,3730,0.49663581870891077,0.49663581870891077,raw,0,0.0,44,0.49663581870891077,0.49663581870891077
0.999195710455764,0.4924330205800131,0.4924330205800131,0.0961035018929815,0.0961035018929815,0.33100161129345684,0.33100161129345684,0.999195710455764,1.0,G_new,DINOv2-vit_base_patch14-224,0.9970236567145265,0.9970236567145265,60,3730,DINOv2+UMAP+KMeans,3730,0.4970032495921136,0.4970032495921136,umap100,0,0.0,44,0.4970032495921136,0.4970032495921136
0.999195710455764,0.4979383779744944,0.4979383779744944,0.10690608821159792,0.10690608821159792,0.33591318222131045,0.33591318222131045,0.999195710455764,1.0,G_new,DINOv2-vit_base_patch14-224,0.9970759862599808,0.9970759862599808,60,3730,DINOv2+UMAP+Birch,3730,0.5025261650740002,0.5025261650740002,umap100,0,0.0,44,0.5025261650740002,0.5025261650740002
0.999195710455764,0.4963961008449614,0.4963961008449614,0.10216911808198406,0.10216911808198406,0.33449178848313493,0.33449178848313493,0.999195710455764,1.0,G_new,DINOv2-vit_base_patch14-224,0.9974417245182593,0.9974417245182593,60,3730,DINOv2+UMAP+Agglomerative,3730,0.5009800610692581,0.5009800610692581,umap100,0,0.0,44,0.500980061069258,0.500980061069258
0.9991301826616411,0.4924330205800131,0.4949049196364403,0.0961035018929815,0.09906949319542473,0.33100161129345684,0.33347676613317684,0.9238605898123324,0.9246648793565684,G_new,DINOv2-vit_base_patch14-224,0.9970236567145265,0.9967958431240692,60,3449,DINOv2+UMAP+any2,3730,0.4970032495921136,0.49975960107245576,umap100,281,0.07533512064343163,44,0.4970032495921136,0.49975960107245576
0.9991208791208791,0.4924330205800131,0.5067094209382296,0.0961035018929815,0.11753094664492855,0.33100161129345684,0.345372921001866,0.6093833780160858,0.6099195710455764,G_new,DINOv2-vit_base_patch14-224,0.9970236567145265,0.997103407899857,60,2275,DINOv2+UMAP+all3,3730,0.4970032495921136,0.5130407279642972,umap100,1455,0.3900804289544236,44,0.4970032495921136,0.5130407279642973
0.9986595174262735,0.4944732612017824,0.4944732612017824,0.1005993285647146,0.1005993285647146,0.33298450518720035,0.33298450518720035,0.9986595174262735,1.0,G_new,DINOv2-vit_base_patch14-224,0.9956357276464041,0.9956357276464041,60,3730,DINOv2+KMeans,3730,0.4990609986571788,0.4990609986571788,raw,0,0.0,55,0.49906099865717884,0.49906099865717884
0.999195710455764,0.4914136015219594,0.4914136015219594,0.09355500658673571,0.09355500658673571,0.33011071793745994,0.33011071793745994,0.999195710455764,1.0,G_new,DINOv2-vit_base_patch14-224,0.9969058936361354,0.9969058936361354,60,3730,DINOv2+UMAP+KMeans,3730,0.495983723781831,0.495983723781831,umap100,0,0.0,55,0.495983723781831,0.495983723781831
0.999195710455764,0.49758671941291027,0.49758671941291027,0.10528912087451374,0.10528912087451374,0.33562061976539764,0.33562061976539764,0.999195710455764,1.0,G_new,DINOv2-vit_base_patch14-224,0.996920006818312,0.996920006818312,60,3730,DINOv2+UMAP+Birch,3730,0.5021789262856184,0.5021789262856184,umap100,0,0.0,55,0.5021789262856186,0.5021789262856186
0.999195710455764,0.4951421321847791,0.4951421321847791,0.10122382501077744,0.10122382501077744,0.3334243599762405,0.3334243599762405,0.999195710455764,1.0,G_new,DINOv2-vit_base_patch14-224,0.9969659051435752,0.9969659051435752,60,3730,DINOv2+UMAP+Agglomerative,3730,0.49972211546615997,0.49972211546615997,umap100,0,0.0,55,0.49972211546615997,0.49972211546615997
0.9991580129104687,0.4914136015219594,0.4907948546714754,0.09355500658673571,0.09382504333505741,0.33011071793745994,0.3297858681271652,0.9544235924932976,0.9552278820375335,G_new,DINOv2-vit_base_patch14-224,0.9969058936361354,0.9967584552466013,60,3563,DINOv2+UMAP+any2,3730,0.495983723781831,0.49559874733861187,umap100,167,0.04477211796246649,55,0.495983723781831,0.4955987473386118
0.9991119005328597,0.4914136015219594,0.5121300278092911,0.09355500658673571,0.12470769748630929,0.33011071793745994,0.35036725892729276,0.6032171581769437,0.6037533512064344,G_new,DINOv2-vit_base_patch14-224,0.9969058936361354,0.9967267992597798,60,2252,DINOv2+UMAP+all3,3730,0.495983723781831,0.5184796628470116,umap100,1478,0.3962466487935657,55,0.495983723781831,0.5184796628470116
