acc_kept,ami_all,ami_kept,ari_all,ari_kept,completeness_all,completeness_kept,conservative_overall_accuracy,coverage,dataset,feature,homogeneity_all,homogeneity_kept,k,kept,method,n,nmi_all,nmi_kept,reduction,rejected,rejection_rate,seed,v_measure_all,v_measure_kept
0.9881003584229391,0.7594357534402223,0.7594357534402223,0.3789182785541463,0.3789182785541463,0.6223942048822514,0.6223942048822514,0.9881003584229391,1.0,F_new,DINOv2-vit_base_patch14-224,0.9757015082970073,0.9757015082970073,20,13950,DINOv2+KMeans,13950,0.7599932337604758,0.7599932337604758,raw,0,0.0,11,0.7599932337604758,0.7599932337604758
0.9987096774193548,0.7845777255436079,0.7845777255436079,0.4015479604259059,0.4015479604259059,0.6478731131341119,0.6478731131341119,0.9987096774193548,1.0,F_new,DINOv2-vit_base_patch14-224,0.9960366508624076,0.9960366508624076,20,13950,DINOv2+UMAP+KMeans,13950,0.7850861159448271,0.7850861159448271,umap100,0,0.0,11,0.7850861159448272,0.7850861159448272
0.9987096774193548,0.766479124391548,0.766479124391548,0.34945017766597364,0.34945017766597364,0.6236784946965201,0.6236784946965201,0.9987096774193548,1.0,F_new,DINOv2-vit_base_patch14-224,0.9958925486697454,0.9958925486697454,20,13950,DINOv2+UMAP+Birch,13950,0.7670139178863576,0.7670139178863576,umap100,0,0.0,11,0.7670139178863578,0.7670139178863578
0.9987096774193548,0.7833908189360657,0.7833908189360657,0.40262696500074446,0.40262696500074446,0.6462693244711384,0.6462693244711384,0.9987096774193548,1.0,F_new,DINOv2-vit_base_patch14-224,0.9960157295307909,0.9960157295307909,20,13950,DINOv2+UMAP+Agglomerative,13950,0.7839009569233236,0.7839009569233236,umap100,0,0.0,11,0.7839009569233236,0.7839009569233236
0.9986894794321077,0.7845777255436079,0.7882054247223781,0.4015479604259059,0.41294821359006706,0.6478731131341119,0.6528393232934133,0.9832974910394265,0.9845878136200716,F_new,DINOv2-vit_base_patch14-224,0.9960366508624076,0.9960051942987663,20,13735,DINOv2+UMAP+any2,13950,0.7850861159448271,0.7887115493367065,umap100,215,0.015412186379928316,11,0.7850861159448272,0.7887115493367065
0.9982286951387522,0.7845777255436079,0.8395423910467348,0.4015479604259059,0.5373202395027843,0.6478731131341119,0.726734826918832,0.727168458781362,0.7284587813620071,F_new,DINOv2-vit_base_patch14-224,0.9960366508624076,0.9949434528747568,20,10162,DINOv2+UMAP+all3,13950,0.7850861159448271,0.8399479351109067,umap100,3788,0.27154121863799285,11,0.7850861159448272,0.8399479351109068
0.987741935483871,0.7538383346110319,0.7538383346110319,0.35924502715218654,0.35924502715218654,0.6150704257165998,0.6150704257165998,0.987741935483871,1.0,F_new,DINOv2-vit_base_patch14-224,0.9753552943661402,0.9753552943661402,20,13950,DINOv2+KMeans,13950,0.7544045453433834,0.7544045453433834,raw,0,0.0,22,0.7544045453433835,0.7544045453433835
0.9977777777777778,0.7672409770112731,0.7672409770112731,0.3595168339215152,0.3595168339215152,0.6255270986716038,0.6255270986716038,0.9977777777777778,1.0,F_new,DINOv2-vit_base_patch14-224,0.9937636467290352,0.9937636467290352,20,13950,DINOv2+UMAP+KMeans,13950,0.7677757591950242,0.7677757591950242,umap100,0,0.0,22,0.767775759195024,0.767775759195024
0.9977777777777778,0.7681867241369789,0.7681867241369789,0.3614153417691856,0.3614153417691856,0.6268186416436314,0.6268186416436314,0.9977777777777778,1.0,F_new,DINOv2-vit_base_patch14-224,0.9936709081987714,0.9936709081987714,20,13950,DINOv2+UMAP+Birch,13950,0.7687201055736785,0.7687201055736785,umap100,0,0.0,22,0.7687201055736786,0.7687201055736786
0.9977777777777778,0.7735247249932817,0.7735247249932817,0.3838086121383587,0.3838086121383587,0.6338995857712171,0.6338995857712171,0.9977777777777778,1.0,F_new,DINOv2-vit_base_patch14-224,0.9937622737411855,0.9937622737411855,20,13950,DINOv2+UMAP+Agglomerative,13950,0.7740495852969274,0.7740495852969274,umap100,0,0.0,22,0.7740495852969271,0.7740495852969271
0.9977528089887641,0.7672409770112731,0.7700177996607707,0.3595168339215152,0.36763206888064087,0.6255270986716038,0.629234212339931,0.9866666666666667,0.9888888888888889,F_new,DINOv2-vit_base_patch14-224,0.9937636467290352,0.9937281710724015,20,13795,DINOv2+UMAP+any2,13950,0.7677757591950242,0.770551146958877,umap100,155,0.011111111111111112,22,0.767775759195024,0.7705511469588772
0.996974724309554,0.7672409770112731,0.8129485077195319,0.3595168339215152,0.46847345958990777,0.6255270986716038,0.6894092840911429,0.7323297491039427,0.7345519713261649,F_new,DINOv2-vit_base_patch14-224,0.9937636467290352,0.9919175032287969,20,10247,DINOv2+UMAP+all3,13950,0.7677757591950242,0.813449403097283,umap100,3703,0.2654480286738351,22,0.767775759195024,0.813449403097283
0.9875268817204301,0.7583285801719496,0.7583285801719496,0.3747272431304908,0.3747272431304908,0.6211739867739087,0.6211739867739087,0.9875268817204301,1.0,F_new,DINOv2-vit_base_patch14-224,0.9750585370502979,0.9750585370502979,20,13950,DINOv2+KMeans,13950,0.7588881817122682,0.7588881817122682,raw,0,0.0,33,0.7588881817122682,0.7588881817122682
0.9987096774193548,0.7753196163656886,0.7753196163656886,0.3782213614390157,0.3782213614390157,0.6353922771394187,0.6353922771394187,0.9987096774193548,1.0,F_new,DINOv2-vit_base_patch14-224,0.9959984600091103,0.9959984600091103,20,13950,DINOv2+UMAP+KMeans,13950,0.7758407782045968,0.7758407782045968,umap100,0,0.0,33,0.7758407782045968,0.7758407782045968
0.9987096774193548,0.7738059676859518,0.7738059676859518,0.37202057328353444,0.37202057328353444,0.6334151407685741,0.6334151407685741,0.9987096774193548,1.0,F_new,DINOv2-vit_base_patch14-224,0.9958813724201255,0.9958813724201255,20,13950,DINOv2+UMAP+Birch,13950,0.774329699467339,0.774329699467339,umap100,0,0.0,33,0.774329699467339,0.774329699467339
0.9987096774193548,0.7754242419383492,0.7754242419383492,0.3809725800431724,0.3809725800431724,0.6355272360338045,0.6355272360338045,0.9987096774193548,1.0,F_new,DINOv2-vit_base_patch14-224,0.9960100077988536,0.9960100077988536,20,13950,DINOv2+UMAP+Agglomerative,13950,0.7759448823018563,0.7759448823018563,umap100,0,0.0,33,0.7759448823018563,0.7759448823018563
0.9986736423255471,0.7753196163656886,0.7819170531186977,0.3782213614390157,0.398349002767095,0.6353922771394187,0.6443092813731166,0.9715412186379928,0.972831541218638,F_new,DINOv2-vit_base_patch14-224,0.9959984600091103,0.9959415577539431,20,13571,DINOv2+UMAP+any2,13950,0.7758407782045968,0.7824344594849586,umap100,379,0.027168458781362006,33,0.7758407782045968,0.7824344594849586
0.998286530223703,0.7753196163656886,0.8473593597917494,0.3782213614390157,0.5986592174533365,0.6353922771394187,0.7384083578173157,0.7517562724014337,0.7530465949820788,F_new,DINOv2-vit_base_patch14-224,0.9959984600091103,0.9951294712751144,20,10505,DINOv2+UMAP+all3,13950,0.7758407782045968,0.847759888902536,umap100,3445,0.24695340501792115,33,0.7758407782045968,0.847759888902536
0.987741935483871,0.7533870533885754,0.7533870533885754,0.35884965442557604,0.35884965442557604,0.6145157228365477,0.6145157228365477,0.987741935483871,1.0,F_new,DINOv2-vit_base_patch14-224,0.9752442971034875,0.9752442971034875,20,13950,DINOv2+KMeans,13950,0.7539539888534571,0.7539539888534571,raw,0,0.0,44,0.7539539888534571,0.7539539888534571
0.9985663082437276,0.7758870064817148,0.7758870064817148,0.37362961221880286,0.37362961221880286,0.6363668597176405,0.6363668597176405,0.9985663082437276,1.0,F_new,DINOv2-vit_base_patch14-224,0.9954819859378893,0.9954819859378893,20,13950,DINOv2+UMAP+KMeans,13950,0.7764098335251082,0.7764098335251082,umap100,0,0.0,44,0.7764098335251083,0.7764098335251083
0.9985663082437276,0.7709076388570669,0.7709076388570669,0.3625589359354651,0.3625589359354651,0.6297742692794766,0.6297742692794766,0.9985663082437276,1.0,F_new,DINOv2-vit_base_patch14-224,0.995325295447493,0.995325295447493,20,13950,DINOv2+UMAP+Birch,13950,0.7714361313500651,0.7714361313500651,umap100,0,0.0,44,0.7714361313500651,0.7714361313500651
0.9985663082437276,0.7821153660029799,0.7821153660029799,0.39964765598359553,0.39964765598359553,0.6447608061166336,0.6447608061166336,0.9985663082437276,1.0,F_new,DINOv2-vit_base_patch14-224,0.9954903287087542,0.9954903287087542,20,13950,DINOv2+UMAP+Agglomerative,13950,0.7826278954385812,0.7826278954385812,umap100,0,0.0,44,0.7826278954385811,0.7826278954385811
0.9984914768441696,0.7758870064817148,0.7861945572711047,0.37362961221880286,0.40293400527456913,0.6363668597176405,0.6503811064947637,0.9489605734767025,0.9503942652329749,F_new,DINOv2-vit_base_patch14-224,0.9954819859378893,0.9953604529924214,20,13258,DINOv2+UMAP+any2,13950,0.7764098335251082,0.7867135991632361,umap100,692,0.04960573476702509,44,0.7764098335251083,0.786713599163236
0.9981531881804043,0.7758870064817148,0.8337447313736364,0.37362961221880286,0.513214230092457,0.6363668597176405,0.7182976516603462,0.7361290322580645,0.7374910394265233,F_new,DINOv2-vit_base_patch14-224,0.9954819859378893,0.9945971583250848,20,10288,DINOv2+UMAP+all3,13950,0.7764098335251082,0.8341630776253429,umap100,3662,0.2625089605734767,44,0.7764098335251083,0.8341630776253428
0.987741935483871,0.751672375454883,0.751672375454883,0.352130821864798,0.352130821864798,0.6121923706341451,0.6121923706341451,0.987741935483871,1.0,F_new,DINOv2-vit_base_patch14-224,0.9753755685326907,0.9753755685326907,20,13950,DINOv2+KMeans,13950,0.7522417993298927,0.7522417993298927,raw,0,0.0,55,0.7522417993298925,0.7522417993298925
0.9978494623655914,0.7686178872694317,0.7686178872694317,0.36415710185549777,0.36415710185549777,0.6272143636237405,0.6272143636237405,0.9978494623655914,1.0,F_new,DINOv2-vit_base_patch14-224,0.9941140867884765,0.9941140867884765,20,13950,DINOv2+UMAP+KMeans,13950,0.7691503028345696,0.7691503028345696,umap100,0,0.0,55,0.7691503028345698,0.7691503028345698
0.9987096774193548,0.7656212623943722,0.7656212623943722,0.3463168510195776,0.3463168510195776,0.6225467833001206,0.6225467833001206,0.9987096774193548,1.0,F_new,DINOv2-vit_base_patch14-224,0.9958922332017767,0.9958922332017767,20,13950,DINOv2+UMAP+Birch,13950,0.7661573898946014,0.7661573898946014,umap100,0,0.0,55,0.7661573898946014,0.7661573898946014
0.9978494623655914,0.776647920059862,0.776647920059862,0.3966530925832592,0.3966530925832592,0.6379467110565921,0.6379467110565921,0.9978494623655914,1.0,F_new,DINOv2-vit_base_patch14-224,0.994116051900113,0.994116051900113,20,13950,DINOv2+UMAP+Agglomerative,13950,0.7771674963888202,0.7771674963888202,umap100,0,0.0,55,0.7771674963888201,0.7771674963888201
0.9977184576773899,0.7686178872694317,0.7803307265613346,0.36415710185549777,0.3971738570570038,0.6272143636237405,0.6430161992203045,0.9404301075268817,0.9425806451612904,F_new,DINOv2-vit_base_patch14-224,0.9941140867884765,0.9939293311535493,20,13149,DINOv2+UMAP+any2,13950,0.7691503028345696,0.7808600212445321,umap100,801,0.05741935483870968,55,0.7691503028345698,0.780860021244532
0.9982093954076259,0.7686178872694317,0.8489679408201151,0.36415710185549777,0.5798284417803148,0.6272143636237405,0.7408620087977306,0.6793548387096774,0.680573476702509,F_new,DINOv2-vit_base_patch14-224,0.9941140867884765,0.9951242263408461,20,9494,DINOv2+UMAP+all3,13950,0.7691503028345696,0.8493727869579738,umap100,4456,0.31942652329749105,55,0.7691503028345698,0.8493727869579739
0.8380330464034828,0.6906005122034179,0.6906005122034179,0.39258936433855257,0.39258936433855257,0.6108446156637404,0.6108446156637404,0.8380330464034828,1.0,V_new,DINOv2-vit_base_patch14-224,0.7959287762400131,0.7959287762400131,20,20214,DINOv2+KMeans,20214,0.6912112643246602,0.6912112643246602,raw,0,0.0,11,0.6912112643246602,0.6912112643246602
0.829771445532799,0.8129903995935469,0.8129903995935469,0.5964354705168343,0.5964354705168343,0.7844718213868705,0.7844718213868705,0.829771445532799,1.0,V_new,DINOv2-vit_base_patch14-224,0.8445735700404305,0.8445735700404305,20,20214,DINOv2+UMAP+KMeans,20214,0.8134140034051904,0.8134140034051904,umap100,0,0.0,11,0.8134140034051904,0.8134140034051904
0.9441476204610666,0.8435531419620421,0.8435531419620421,0.6455916651209725,0.6455916651209725,0.7834937101997982,0.7834937101997982,0.9441476204610666,1.0,V_new,DINOv2-vit_base_patch14-224,0.914375743263832,0.914375743263832,20,20214,DINOv2+UMAP+Birch,20214,0.8438901378960746,0.8438901378960746,umap100,0,0.0,11,0.8438901378960746,0.8438901378960746
0.8973483724151579,0.8388597368358933,0.8388597368358933,0.6558876777730822,0.6558876777730822,0.7923738462383061,0.7923738462383061,0.8973483724151579,1.0,V_new,DINOv2-vit_base_patch14-224,0.8919377323478852,0.8919377323478852,20,20214,DINOv2+UMAP+Agglomerative,20214,0.8392130536546094,0.8392130536546094,umap100,0,0.0,11,0.8392130536546094,0.8392130536546094
0.8920983271475446,0.8129903995935469,0.8357342714791327,0.5964354705168343,0.6526884919363563,0.7844718213868705,0.7949416923823711,0.8204709607202929,0.9197091124962897,V_new,DINOv2-vit_base_patch14-224,0.8445735700404305,0.8817912546221641,20,18591,DINOv2+UMAP+any2,20214,0.8134140034051904,0.8361172046265296,umap100,1623,0.0802908875037103,11,0.8134140034051904,0.8361172046265296
0.9553290549893041,0.8129903995935469,0.8759385581908924,0.5964354705168343,0.7243511928944176,0.7844718213868705,0.8317098058285912,0.7511625606015633,0.786286731967943,V_new,DINOv2-vit_base_patch14-224,0.8445735700404305,0.9257334657420503,20,15894,DINOv2+UMAP+all3,20214,0.8134140034051904,0.8762064909819209,umap100,4320,0.21371326803205698,11,0.8134140034051904,0.8762064909819209
0.8292767388938359,0.69693447080453,0.69693447080453,0.3961418631146575,0.3961418631146575,0.6177218230748337,0.6177218230748337,0.8292767388938359,1.0,V_new,DINOv2-vit_base_patch14-224,0.801031441057396,0.801031441057396,20,20214,DINOv2+KMeans,20214,0.6975343981504574,0.6975343981504574,raw,0,0.0,22,0.6975343981504575,0.6975343981504575
0.8939348966063124,0.8281979025438236,0.8281979025438236,0.6290919084587532,0.6290919084587532,0.7772080130800518,0.7772080130800518,0.8939348966063124,1.0,V_new,DINOv2-vit_base_patch14-224,0.8872136357962161,0.8872136357962161,20,20214,DINOv2+UMAP+KMeans,20214,0.8285755565847805,0.8285755565847805,umap100,0,0.0,22,0.8285755565847805,0.8285755565847805
0.9428119125358663,0.8525279787189071,0.8525279787189071,0.6733056011777891,0.6733056011777891,0.8017826954492702,0.8017826954492702,0.9428119125358663,1.0,V_new,DINOv2-vit_base_patch14-224,0.9108670929126845,0.9108670929126845,20,20214,DINOv2+UMAP+Birch,20214,0.8528509189845254,0.8528509189845254,umap100,0,0.0,22,0.8528509189845254,0.8528509189845254
0.8972494310873652,0.8407010339273617,0.8407010339273617,0.6568305299112972,0.6568305299112972,0.7947702068741805,0.7947702068741805,0.8972494310873652,1.0,V_new,DINOv2-vit_base_patch14-224,0.8930546427917806,0.8930546427917806,20,20214,DINOv2+UMAP+Agglomerative,20214,0.8410508037513995,0.8410508037513995,umap100,0,0.0,22,0.8410508037513996,0.8410508037513996
0.9009960760639903,0.8281979025438236,0.8379525885463436,0.6290919084587532,0.649475608504875,0.7772080130800518,0.7893477364224162,0.8860195903829029,0.98337785693084,V_new,DINOv2-vit_base_patch14-224,0.8872136357962161,0.8937609742522737,20,19878,DINOv2+UMAP+any2,20214,0.8285755565847805,0.8383156684465427,umap100,336,0.01662214306915999,22,0.8285755565847805,0.8383156684465426
0.9595291934829245,0.8281979025438236,0.8902431325749655,0.6290919084587532,0.7428707766292568,0.7772080130800518,0.8503884202777793,0.8186900168200257,0.8532205402196498,V_new,DINOv2-vit_base_patch14-224,0.8872136357962161,0.9344508724400928,20,17247,DINOv2+UMAP+all3,20214,0.8285755565847805,0.8904400575263804,umap100,2967,0.14677945978035026,22,0.8285755565847805,0.8904400575263806
0.8261106164044721,0.6920540162289079,0.6920540162289079,0.38294438073085324,0.38294438073085324,0.6125923698737776,0.6125923698737776,0.8261106164044721,1.0,V_new,DINOv2-vit_base_patch14-224,0.7968114093254901,0.7968114093254901,20,20214,DINOv2+KMeans,20214,0.6926625240901301,0.6926625240901301,raw,0,0.0,33,0.6926625240901302,0.6926625240901302
0.8747897496784407,0.8236961680224036,0.8236961680224036,0.6071917496237522,0.6071917496237522,0.7843196141194995,0.7843196141194995,0.8747897496784407,1.0,V_new,DINOv2-vit_base_patch14-224,0.868104820463865,0.868104820463865,20,20214,DINOv2+UMAP+KMeans,20214,0.8240880775563794,0.8240880775563794,umap100,0,0.0,33,0.8240880775563794,0.8240880775563794
0.9365291382210349,0.8292615267891745,0.8292615267891745,0.6213943347410874,0.6213943347410874,0.7620898143863466,0.7620898143863466,0.9365291382210349,1.0,V_new,DINOv2-vit_base_patch14-224,0.9102811046427879,0.9102811046427879,20,20214,DINOv2+UMAP+Birch,20214,0.8296197334970945,0.8296197334970945,umap100,0,0.0,33,0.8296197334970945,0.8296197334970945
0.8965568417928168,0.8328649226366711,0.8328649226366711,0.6370639204552996,0.6370639204552996,0.7857532306755306,0.7857532306755306,0.8965568417928168,1.0,V_new,DINOv2-vit_base_patch14-224,0.8868133757373398,0.8868133757373398,20,20214,DINOv2+UMAP+Agglomerative,20214,0.8332301653281723,0.8332301653281723,umap100,0,0.0,33,0.8332301653281722,0.8332301653281722
0.8882721033508276,0.8236961680224036,0.8392282747315122,0.6071917496237522,0.6240155822309961,0.7843196141194995,0.8002401297857077,0.8707826259028396,0.9803106757692688,V_new,DINOv2-vit_base_patch14-224,0.868104820463865,0.8830176886254381,20,19816,DINOv2+UMAP+any2,20214,0.8240880775563794,0.8395935334679652,umap100,398,0.019689324230731175,33,0.8240880775563794,0.8395935334679652
0.9629151667459077,0.8236961680224036,0.858262035855652,0.6071917496237522,0.6765474520849178,0.7843196141194995,0.7924379912733477,0.7013456020579796,0.7283565845453646,V_new,DINOv2-vit_base_patch14-224,0.868104820463865,0.9368703743292901,20,14723,DINOv2+UMAP+all3,20214,0.8240880775563794,0.8586226635852683,umap100,5491,0.2716434154546354,33,0.8240880775563794,0.8586226635852684
0.8074601761155634,0.6789300402355166,0.6789300402355166,0.3650708520244465,0.3650708520244465,0.601446469800016,0.601446469800016,0.8074601761155634,1.0,V_new,DINOv2-vit_base_patch14-224,0.781005721404336,0.781005721404336,20,20214,DINOv2+KMeans,20214,0.6795651047043225,0.6795651047043225,raw,0,0.0,44,0.6795651047043223,0.6795651047043223
0.9379143168101316,0.8371818951289893,0.8371818951289893,0.6510135252769493,0.6510135252769493,0.780058347392539,0.780058347392539,0.9379143168101316,1.0,V_new,DINOv2-vit_base_patch14-224,0.9041481529747125,0.9041481529747125,20,20214,DINOv2+UMAP+KMeans,20214,0.8375318749258814,0.8375318749258814,umap100,0,0.0,44,0.8375318749258817,0.8375318749258817
0.896903136440091,0.8392958743616723,0.8392958743616723,0.6498512671448955,0.6498512671448955,0.7917306688747328,0.7917306688747328,0.896903136440091,1.0,V_new,DINOv2-vit_base_patch14-224,0.8937398050248112,0.8937398050248112,20,20214,DINOv2+UMAP+Birch,20214,0.8396483054314731,0.8396483054314731,umap100,0,0.0,44,0.8396483054314731,0.8396483054314731
0.8964084298011279,0.8350626013940807,0.8350626013940807,0.64365002849397,0.64365002849397,0.7860346558923108,0.7860346558923108,0.8964084298011279,1.0,V_new,DINOv2-vit_base_patch14-224,0.89143300077709,0.89143300077709,20,20214,DINOv2+UMAP+Agglomerative,20214,0.8354226434482784,0.8354226434482784,umap100,0,0.0,44,0.8354226434482784,0.8354226434482784
0.9386567164179105,0.8371818951289893,0.8410267676860907,0.6510135252769493,0.6605474228662256,0.780058347392539,0.7851256349182151,0.9333630157316711,0.9943603443158208,V_new,DINOv2-vit_base_patch14-224,0.9041481529747125,0.9062954545446832,20,20100,DINOv2+UMAP+any2,20214,0.8375318749258814,0.8413703702829406,umap100,114,0.005639655684179281,44,0.8375318749258817,0.8413703702829406
0.9487249644303382,0.8371818951289893,0.8704139965128297,0.6510135252769493,0.7246215666003706,0.780058347392539,0.8248269400513843,0.8576728999703176,0.9040269120411596,V_new,DINOv2-vit_base_patch14-224,0.9041481529747125,0.9218962393208184,20,18274,DINOv2+UMAP+all3,20214,0.8375318749258814,0.8706644110570169,umap100,1940,0.09597308795884041,44,0.8375318749258817,0.8706644110570168
0.8270010883546057,0.700003770791127,0.700003770791127,0.3907137303382017,0.3907137303382017,0.6202076635495158,0.6202076635495158,0.8270010883546057,1.0,V_new,DINOv2-vit_base_patch14-224,0.8049302182757992,0.8049302182757992,20,20214,DINOv2+KMeans,20214,0.7005973195489406,0.7005973195489406,raw,0,0.0,55,0.7005973195489406,0.7005973195489406
0.9068962105471455,0.8328791020724774,0.8328791020724774,0.6367143482713069,0.6367143482713069,0.7862903456115766,0.7862903456115766,0.9068962105471455,1.0,V_new,DINOv2-vit_base_patch14-224,0.8861649855407543,0.8861649855407543,20,20214,DINOv2+UMAP+KMeans,20214,0.8332455399805868,0.8332455399805868,umap100,0,0.0,55,0.8332455399805867,0.8332455399805867
0.8963094884733354,0.8315449618344471,0.8315449618344471,0.6338540248361225,0.6338540248361225,0.7847251559523795,0.7847251559523795,0.8963094884733354,1.0,V_new,DINOv2-vit_base_patch14-224,0.8851419208410557,0.8851419208410557,20,20214,DINOv2+UMAP+Birch,20214,0.8319142781182077,0.8319142781182077,umap100,0,0.0,55,0.8319142781182076,0.8319142781182076
0.8970020777678837,0.8312485728217016,0.8312485728217016,0.634567491440902,0.634567491440902,0.7827570313681891,0.7827570313681891,0.8970020777678837,1.0,V_new,DINOv2-vit_base_patch14-224,0.8869802149301578,0.8869802149301578,20,20214,DINOv2+UMAP+Agglomerative,20214,0.8316158742463526,0.8316158742463526,umap100,0,0.0,55,0.8316158742463526,0.8316158742463526
0.9510467329245084,0.8328791020724774,0.8663237191326391,0.6367143482713069,0.7003862748344128,0.7862903456115766,0.8180621696096435,0.8899772434946077,0.9357870782625903,V_new,DINOv2-vit_base_patch14-224,0.8861649855407543,0.921304753042221,20,18916,DINOv2+UMAP+any2,20214,0.8332455399805868,0.8666194065554811,umap100,1298,0.06421292173740972,55,0.8332455399805867,0.8666194065554811
0.9533107950571229,0.8328791020724774,0.8831693426764864,0.6367143482713069,0.7447127305077241,0.7862903456115766,0.8464994972750293,0.8090927080241417,0.8487187098050856,V_new,DINOv2-vit_base_patch14-224,0.8861649855407543,0.9236601278301502,20,17156,DINOv2+UMAP+all3,20214,0.8332455399805868,0.8833981102859622,umap100,3058,0.1512812901949144,55,0.8332455399805867,0.8833981102859622
0.7100371747211895,0.6565136628408168,0.6565136628408168,0.37315517853122043,0.37315517853122043,0.5877959153260159,0.5877959153260159,0.7100371747211895,1.0,M_new,DINOv2-vit_base_patch14-224,0.7501772442314,0.7501772442314,20,4842,DINOv2+KMeans,4842,0.6591329830197862,0.6591329830197862,raw,0,0.0,11,0.6591329830197862,0.6591329830197862
0.7788104089219331,0.7174923515649232,0.7174923515649232,0.468262015450795,0.468262015450795,0.6526015658316734,0.6526015658316734,0.7788104089219331,1.0,M_new,DINOv2-vit_base_patch14-224,0.8022087790176496,0.8022087790176496,20,4842,DINOv2+UMAP+KMeans,4842,0.7197126514316271,0.7197126514316271,umap100,0,0.0,11,0.7197126514316271,0.7197126514316271
0.7889301941346551,0.7262950037542303,0.7262950037542303,0.4917141634117355,0.4917141634117355,0.6623929244835839,0.6623929244835839,0.7889301941346551,1.0,M_new,DINOv2-vit_base_patch14-224,0.8091541602046298,0.8091541602046298,20,4842,DINOv2+UMAP+Birch,4842,0.7284551015906695,0.7284551015906695,umap100,0,0.0,11,0.7284551015906695,0.7284551015906695
0.7682775712515489,0.7237410273371202,0.7237410273371202,0.474839423489617,0.474839423489617,0.661402606002188,0.661402606002188,0.7682775712515489,1.0,M_new,DINOv2-vit_base_patch14-224,0.8044034176604239,0.8044034176604239,20,4842,DINOv2+UMAP+Agglomerative,4842,0.7259275895022935,0.7259275895022935,umap100,0,0.0,11,0.7259275895022935,0.7259275895022935
0.7975171232876712,0.7174923515649232,0.723688190838708,0.468262015450795,0.48333497824927124,0.6526015658316734,0.6574900036060096,0.7695167286245354,0.9648905410987195,M_new,DINOv2-vit_base_patch14-224,0.8022087790176496,0.8102976017576162,20,4672,DINOv2+UMAP+any2,4842,0.7197126514316271,0.7259395993735358,umap100,170,0.03510945890128046,11,0.7197126514316271,0.7259395993735359
0.8060897435897436,0.7174923515649232,0.7399429463866531,0.468262015450795,0.5446232666004754,0.6526015658316734,0.685750048995555,0.6232961586121437,0.7732342007434945,M_new,DINOv2-vit_base_patch14-224,0.8022087790176496,0.8092718024272992,20,3744,DINOv2+UMAP+all3,4842,0.7197126514316271,0.742408116158399,umap100,1098,0.22676579925650558,11,0.7197126514316271,0.7424081161583991
0.6856670797191243,0.6490687244816195,0.6490687244816195,0.3611027840265172,0.3611027840265172,0.5805815340159179,0.5805815340159179,0.6856670797191243,1.0,M_new,DINOv2-vit_base_patch14-224,0.7427771164199285,0.7427771164199285,20,4842,DINOv2+KMeans,4842,0.6517396890721543,0.6517396890721543,raw,0,0.0,22,0.6517396890721544,0.6517396890721544
0.7841800908715407,0.7395581041967532,0.7395581041967532,0.5026369584038198,0.5026369584038198,0.6793837170630421,0.6793837170630421,0.7841800908715407,1.0,M_new,DINOv2-vit_base_patch14-224,0.8164587149687951,0.8164587149687951,20,4842,DINOv2+UMAP+KMeans,4842,0.7416406230040798,0.7416406230040798,umap100,0,0.0,22,0.7416406230040798,0.7416406230040798
0.7942998760842627,0.72626888442515,0.72626888442515,0.49187142831465136,0.49187142831465136,0.6616929857953336,0.6616929857953336,0.7942998760842627,1.0,M_new,DINOv2-vit_base_patch14-224,0.8101291669677685,0.8101291669677685,20,4842,DINOv2+UMAP+Birch,4842,0.7284260348499735,0.7284260348499735,umap100,0,0.0,22,0.7284260348499734,0.7284260348499734
0.7707558859975217,0.7242337487722772,0.7242337487722772,0.4848529403632574,0.4848529403632574,0.6649068935156028,0.6649068935156028,0.7707558859975217,1.0,M_new,DINOv2-vit_base_patch14-224,0.8005122081877821,0.8005122081877821,20,4842,DINOv2+UMAP+Agglomerative,4842,0.7264353043422926,0.7264353043422926,umap100,0,0.0,22,0.7264353043422925,0.7264353043422925
0.7841409691629956,0.7395581041967532,0.7412588442204764,0.5026369584038198,0.5090435678502283,0.6793837170630421,0.6823336439573463,0.7719950433705081,0.9845105328376704,M_new,DINOv2-vit_base_patch14-224,0.8164587149687951,0.8163787873290836,20,4767,DINOv2+UMAP+any2,4842,0.7416406230040798,0.7433617032582984,umap100,75,0.015489467162329617,22,0.7416406230040798,0.7433617032582985
0.8213845774821384,0.7395581041967532,0.7676491672364452,0.5026369584038198,0.5789131419792649,0.6793837170630421,0.7157465070742385,0.6885584469227591,0.8382899628252788,M_new,DINOv2-vit_base_patch14-224,0.8164587149687951,0.832339723715427,20,4059,DINOv2+UMAP+all3,4842,0.7416406230040798,0.7696525401489678,umap100,783,0.16171003717472118,22,0.7416406230040798,0.7696525401489677
0.6972325485336638,0.6569192741136926,0.6569192741136926,0.37219353476782824,0.37219353476782824,0.5885840133942548,0.5885840133942548,0.6972325485336638,1.0,M_new,DINOv2-vit_base_patch14-224,0.7499454419535039,0.7499454419535039,20,4842,DINOv2+KMeans,4842,0.6595385649351159,0.6595385649351159,raw,0,0.0,33,0.6595385649351159,0.6595385649351159
0.7891367203634861,0.7205290145968425,0.7205290145968425,0.4720336532764766,0.4720336532764766,0.6549048388135562,0.6549048388135562,0.7891367203634861,1.0,M_new,DINOv2-vit_base_patch14-224,0.806210678236981,0.806210678236981,20,4842,DINOv2+UMAP+KMeans,4842,0.7227235192825561,0.7227235192825561,umap100,0,0.0,33,0.7227235192825561,0.7227235192825561
0.7755059892606361,0.7257042436715204,0.7257042436715204,0.4859256559563773,0.4859256559563773,0.6621974241370027,0.6621974241370027,0.7755059892606361,1.0,M_new,DINOv2-vit_base_patch14-224,0.8080044953104943,0.8080044953104943,20,4842,DINOv2+UMAP+Birch,4842,0.7278707617070771,0.7278707617070771,umap100,0,0.0,33,0.7278707617070771,0.7278707617070771
0.765179677819083,0.7207975382278434,0.7207975382278434,0.4802617476883624,0.4802617476883624,0.6608013487403885,0.6608013487403885,0.765179677819083,1.0,M_new,DINOv2-vit_base_patch14-224,0.7981771684067294,0.7981771684067294,20,4842,DINOv2+UMAP+Agglomerative,4842,0.7230216801934806,0.7230216801934806,umap100,0,0.0,33,0.7230216801934806,0.7230216801934806
0.7888842803815844,0.7205290145968425,0.7212683047914245,0.4720336532764766,0.4741102562397956,0.6549048388135562,0.6559330909209966,0.7856257744733581,0.9958694754233788,M_new,DINOv2-vit_base_patch14-224,0.806210678236981,0.8065014985344818,20,4822,DINOv2+UMAP+any2,4842,0.7227235192825561,0.7234662316939724,umap100,20,0.004130524576621231,33,0.7227235192825561,0.7234662316939724
0.8070936463383516,0.7205290145968425,0.7361687803948778,0.4720336532764766,0.5189136640973567,0.6549048388135562,0.6750814148477745,0.6532424617926477,0.8093762907889301,M_new,DINOv2-vit_base_patch14-224,0.806210678236981,0.815192720479427,20,3919,DINOv2+UMAP+all3,4842,0.7227235192825561,0.7385506358453043,umap100,923,0.1906237092110698,33,0.7227235192825561,0.7385506358453044
0.7133415943824866,0.661860914581377,0.661860914581377,0.38294408029139904,0.38294408029139904,0.5932771638897387,0.5932771638897387,0.7133415943824866,1.0,M_new,DINOv2-vit_base_patch14-224,0.7550130773297812,0.7550130773297812,20,4842,DINOv2+KMeans,4842,0.6644444994465359,0.6644444994465359,raw,0,0.0,44,0.6644444994465359,0.6644444994465359
0.8180503923998348,0.7421513849114888,0.7421513849114888,0.5129067833702066,0.5129067833702066,0.6796883161909121,0.6796883161909121,0.8180503923998348,1.0,M_new,DINOv2-vit_base_patch14-224,0.8222485521110517,0.8222485521110517,20,4842,DINOv2+UMAP+KMeans,4842,0.7442026967573114,0.7442026967573114,umap100,0,0.0,44,0.7442026967573114,0.7442026967573114
0.7771581990912846,0.7273356513767436,0.7273356513767436,0.4876801702524175,0.4876801702524175,0.6629233489231127,0.6629233489231127,0.7771581990912846,1.0,M_new,DINOv2-vit_base_patch14-224,0.8109065660122042,0.8109065660122042,20,4842,DINOv2+UMAP+Birch,4842,0.729485663110786,0.729485663110786,umap100,0,0.0,44,0.729485663110786,0.729485663110786
0.7905824039653035,0.7333665821940071,0.7333665821940071,0.49540490133097376,0.49540490133097376,0.6718007085568102,0.6718007085568102,0.7905824039653035,1.0,M_new,DINOv2-vit_base_patch14-224,0.812517337196543,0.812517337196543,20,4842,DINOv2+UMAP+Agglomerative,4842,0.7354888993029642,0.7354888993029642,umap100,0,0.0,44,0.7354888993029641,0.7354888993029641
0.8187646933105365,0.7421513849114888,0.7480363529964734,0.5129067833702066,0.5283172016938336,0.6796883161909121,0.687537198842942,0.7912019826517968,0.9663362247005369,M_new,DINOv2-vit_base_patch14-224,0.8222485521110517,0.8252140710042575,20,4679,DINOv2+UMAP+any2,4842,0.7442026967573114,0.7501105860996652,umap100,163,0.03366377529946303,44,0.7442026967573114,0.7501105860996652
0.8604527296937416,0.7421513849114888,0.7852800228245677,0.5129067833702066,0.6167550159758515,0.6796883161909121,0.7368240041145799,0.6672862453531598,0.7755059892606361,M_new,DINOv2-vit_base_patch14-224,0.8222485521110517,0.8449347460306481,20,3755,DINOv2+UMAP+all3,4842,0.7442026967573114,0.787184774832037,umap100,1087,0.2244940107393639,44,0.7442026967573114,0.7871847748320371
0.7391573729863693,0.6827604316008359,0.6827604316008359,0.40744794616048974,0.40744794616048974,0.6117813942320081,0.6117813942320081,0.7391573729863693,1.0,M_new,DINOv2-vit_base_patch14-224,0.7786009816926206,0.7786009816926206,20,4842,DINOv2+KMeans,4842,0.6851835903250016,0.6851835903250016,raw,0,0.0,55,0.6851835903250018,0.6851835903250018
0.7812887236679058,0.7303358145883095,0.7303358145883095,0.48513605181325686,0.48513605181325686,0.6656121749883787,0.6656121749883787,0.7812887236679058,1.0,M_new,DINOv2-vit_base_patch14-224,0.8142387560353258,0.8142387560353258,20,4842,DINOv2+UMAP+KMeans,4842,0.7324619230257102,0.7324619230257102,umap100,0,0.0,55,0.7324619230257101,0.7324619230257101
0.7746798843453119,0.7281479827509055,0.7281479827509055,0.4877214412551598,0.4877214412551598,0.6646094786554798,0.6646094786554798,0.7746798843453119,1.0,M_new,DINOv2-vit_base_patch14-224,0.810390973790327,0.810390973790327,20,4842,DINOv2+UMAP+Birch,4842,0.7302960778145041,0.7302960778145041,umap100,0,0.0,55,0.7302960778145041,0.7302960778145041
0.7730276745146634,0.7236994590892398,0.7236994590892398,0.4758099899793536,0.4758099899793536,0.6604522532177719,0.6604522532177719,0.7730276745146634,1.0,M_new,DINOv2-vit_base_patch14-224,0.805700983815977,0.805700983815977,20,4842,DINOv2+UMAP+Agglomerative,4842,0.7258818747453869,0.7258818747453869,umap100,0,0.0,55,0.7258818747453868,0.7258818747453868
0.7829151980095377,0.7303358145883095,0.7310734872760654,0.48513605181325686,0.4873527344405911,0.6656121749883787,0.666431256997908,0.7798430400660884,0.9960760016522099,M_new,DINOv2-vit_base_patch14-224,0.8142387560353258,0.814840851786816,20,4823,DINOv2+UMAP+any2,4842,0.7324619230257102,0.7332014285411137,umap100,19,0.00392399834779017,55,0.7324619230257101,0.7332014285411136
0.7853728489483748,0.7303358145883095,0.7453445753828934,0.48513605181325686,0.5291612203048618,0.6656121749883787,0.6900440121975889,0.6786451879388682,0.8641057414291615,M_new,DINOv2-vit_base_patch14-224,0.8142387560353258,0.8153183821532016,20,4184,DINOv2+UMAP+all3,4842,0.7324619230257102,0.7474686092209367,umap100,658,0.1358942585708385,55,0.7324619230257101,0.7474686092209367
0.8006756756756757,0.6851869170719935,0.6851869170719935,0.42677977161041286,0.42677977161041286,0.5960509751237673,0.5960509751237673,0.8006756756756757,1.0,M_new_drop5_drop7,DINOv2-vit_base_patch14-224,0.8116037369713559,0.8116037369713559,20,4440,DINOv2+KMeans,4440,0.6873236663497633,0.6873236663497633,raw,0,0.0,11,0.6873236663497632,0.6873236663497632
0.8468468468468469,0.7378854210987947,0.7378854210987947,0.4995930485623062,0.4995930485623062,0.6547674138286119,0.6547674138286119,0.8468468468468469,1.0,M_new_drop5_drop7,DINOv2-vit_base_patch14-224,0.8500654492740729,0.8500654492740729,20,4440,DINOv2+UMAP+KMeans,4440,0.7397434884012918,0.7397434884012918,umap100,0,0.0,11,0.7397434884012918,0.7397434884012918
0.8569819819819819,0.7326634412987991,0.7326634412987991,0.5068548106017107,0.5068548106017107,0.6479851501828111,0.6479851501828111,0.8569819819819819,1.0,M_new_drop5_drop7,DINOv2-vit_base_patch14-224,0.8477916796434594,0.8477916796434594,20,4440,DINOv2+UMAP+Birch,4440,0.7345432926933501,0.7345432926933501,umap100,0,0.0,11,0.7345432926933501,0.7345432926933501
0.8380630630630631,0.7392234990024061,0.7392234990024061,0.5030081557979146,0.5030081557979146,0.6560872053030085,0.6560872053030085,0.8380630630630631,1.0,M_new_drop5_drop7,DINOv2-vit_base_patch14-224,0.8513512789505684,0.8513512789505684,20,4440,DINOv2+UMAP+Agglomerative,4440,0.7410726038540767,0.7410726038540767,umap100,0,0.0,11,0.7410726038540768,0.7410726038540768
0.8462757527733756,0.7378854210987947,0.7383312417938771,0.4995930485623062,0.5020407859203173,0.6547674138286119,0.6555833096889515,0.8418918918918918,0.9948198198198198,M_new_drop5_drop7,DINOv2-vit_base_patch14-224,0.8500654492740729,0.849886118800416,20,4417,DINOv2+UMAP+any2,4440,0.7397434884012918,0.7401959071077998,umap100,23,0.00518018018018018,11,0.7397434884012918,0.7401959071077998
0.8775677896466721,0.7378854210987947,0.7663331504210118,0.4995930485623062,0.5805987183467592,0.6547674138286119,0.6851239450228824,0.7216216216216216,0.8222972972972973,M_new_drop5_drop7,DINOv2-vit_base_patch14-224,0.8500654492740729,0.8741142255187626,20,3651,DINOv2+UMAP+all3,4440,0.7397434884012918,0.7681656310145354,umap100,789,0.1777027027027027,11,0.7397434884012918,0.7681656310145354
0.7927927927927928,0.6867428876245011,0.6867428876245011,0.4004842180155842,0.4004842180155842,0.5965531561993088,0.5965531561993088,0.7927927927927928,1.0,M_new_drop5_drop7,DINOv2-vit_base_patch14-224,0.81497055764101,0.81497055764101,20,4440,DINOv2+KMeans,4440,0.6888630401362913,0.6888630401362913,raw,0,0.0,22,0.6888630401362914,0.6888630401362914
0.8463963963963964,0.7378386772163756,0.7378386772163756,0.49906426013012023,0.49906426013012023,0.6550411845482726,0.6550411845482726,0.8463963963963964,1.0,M_new_drop5_drop7,DINOv2-vit_base_patch14-224,0.8494857591479363,0.8494857591479363,20,4440,DINOv2+UMAP+KMeans,4440,0.7396984949463421,0.7396984949463421,umap100,0,0.0,22,0.739698494946342,0.739698494946342
0.8092342342342342,0.7170821624738374,0.7170821624738374,0.4865591138919474,0.4865591138919474,0.6348948141826224,0.6348948141826224,0.8092342342342342,1.0,M_new_drop5_drop7,DINOv2-vit_base_patch14-224,0.8289868468120941,0.8289868468120941,20,4440,DINOv2+UMAP+Birch,4440,0.719073766808398,0.719073766808398,umap100,0,0.0,22,0.719073766808398,0.719073766808398
0.845945945945946,0.7334122307419754,0.7334122307419754,0.5023050992732749,0.5023050992732749,0.6517441430125207,0.6517441430125207,0.845945945945946,1.0,M_new_drop5_drop7,DINOv2-vit_base_patch14-224,0.8434467967644783,0.8434467967644783,20,4440,DINOv2+UMAP+Agglomerative,4440,0.7353061005250708,0.7353061005250708,umap100,0,0.0,22,0.7353061005250711,0.7353061005250711
0.8491212052042912,0.7378386772163756,0.7394304787777414,0.49906426013012023,0.5043600326671714,0.6550411845482726,0.6565044252929969,0.8378378378378378,0.9867117117117117,M_new_drop5_drop7,DINOv2-vit_base_patch14-224,0.8494857591479363,0.8512505894983381,20,4381,DINOv2+UMAP+any2,4440,0.7396984949463421,0.7413005077834518,umap100,59,0.013288288288288288,22,0.739698494946342,0.7413005077834518
0.8882370196538575,0.7378386772163756,0.790290328613284,0.49906426013012023,0.6304548613463596,0.6550411845482726,0.7173073450865584,0.681981981981982,0.7677927927927928,M_new_drop5_drop7,DINOv2-vit_base_patch14-224,0.8494857591479363,0.8839570224183527,20,3409,DINOv2+UMAP+all3,4440,0.7396984949463421,0.791960250648097,umap100,1031,0.2322072072072072,22,0.739698494946342,0.791960250648097
0.7844594594594595,0.6836713448822292,0.6836713448822292,0.41147610460389084,0.41147610460389084,0.5957274025466202,0.5957274025466202,0.7844594594594595,1.0,M_new_drop5_drop7,DINOv2-vit_base_patch14-224,0.8080278628778552,0.8080278628778552,20,4440,DINOv2+KMeans,4440,0.6858237355098556,0.6858237355098556,raw,0,0.0,33,0.6858237355098555,0.6858237355098555
0.8556306306306306,0.7350540733547604,0.7350540733547604,0.49566297245930974,0.49566297245930974,0.6490246613309405,0.6490246613309405,0.8556306306306306,1.0,M_new_drop5_drop7,DINOv2-vit_base_patch14-224,0.852331566810193,0.852331566810193,20,4440,DINOv2+UMAP+KMeans,4440,0.7369126608620613,0.7369126608620613,umap100,0,0.0,33,0.7369126608620614,0.7369126608620614
0.8195945945945946,0.7147463124584031,0.7147463124584031,0.47056724976147685,0.47056724976147685,0.6304982094078488,0.6304982094078488,0.8195945945945946,1.0,M_new_drop5_drop7,DINOv2-vit_base_patch14-224,0.8303070170797927,0.8303070170797927,20,4440,DINOv2+UMAP+Birch,4440,0.7167376978603798,0.7167376978603798,umap100,0,0.0,33,0.7167376978603798,0.7167376978603798
0.820045045045045,0.7338629529247717,0.7338629529247717,0.5012941704901106,0.5012941704901106,0.6532085162652637,0.6532085162652637,0.820045045045045,1.0,M_new_drop5_drop7,DINOv2-vit_base_patch14-224,0.8421902479596846,0.8421902479596846,20,4440,DINOv2+UMAP+Agglomerative,4440,0.7357580538966746,0.7357580538966746,umap100,0,0.0,33,0.7357580538966746,0.7357580538966746
0.8595914533928152,0.7350540733547604,0.7412557373483475,0.49566297245930974,0.5170709447829959,0.6490246613309405,0.655249243849958,0.8245495495495495,0.9592342342342343,M_new_drop5_drop7,DINOv2-vit_base_patch14-224,0.852331566810193,0.8582640719221472,20,4259,DINOv2+UMAP+any2,4440,0.7369126608620613,0.7431409797193378,umap100,181,0.040765765765765766,33,0.7369126608620614,0.7431409797193379
0.8886633806900551,0.7350540733547604,0.776826294083963,0.49566297245930974,0.602407594321429,0.6490246613309405,0.6994151961159559,0.6903153153153153,0.7768018018018018,M_new_drop5_drop7,DINOv2-vit_base_patch14-224,0.852331566810193,0.8780329315242649,20,3449,DINOv2+UMAP+all3,4440,0.7369126608620613,0.7786114348076688,umap100,991,0.2231981981981982,33,0.7369126608620614,0.7786114348076687
0.7774774774774775,0.6756659563259101,0.6756659563259101,0.4258173110558711,0.4258173110558711,0.5910002800487206,0.5910002800487206,0.7774774774774775,1.0,M_new_drop5_drop7,DINOv2-vit_base_patch14-224,0.7947313253377306,0.7947313253377306,20,4440,DINOv2+KMeans,4440,0.6778894758730772,0.6778894758730772,raw,0,0.0,44,0.6778894758730772,0.6778894758730772
0.8461711711711711,0.7378261274542076,0.7378261274542076,0.501065386886041,0.501065386886041,0.6551486260377842,0.6551486260377842,0.8461711711711711,1.0,M_new_drop5_drop7,DINOv2-vit_base_patch14-224,0.8492687101477684,0.8492687101477684,20,4440,DINOv2+UMAP+KMeans,4440,0.7396846808491795,0.7396846808491795,umap100,0,0.0,44,0.7396846808491796,0.7396846808491796
0.8594594594594595,0.7407997650802617,0.7407997650802617,0.5124026794383991,0.5124026794383991,0.6543460023651578,0.6543460023651578,0.8594594594594595,1.0,M_new_drop5_drop7,DINOv2-vit_base_patch14-224,0.8584236848555321,0.8584236848555321,20,4440,DINOv2+UMAP+Birch,4440,0.7426194631818283,0.7426194631818283,umap100,0,0.0,44,0.7426194631818284,0.7426194631818284
0.8378378378378378,0.7240782445519951,0.7240782445519951,0.48321335582424396,0.48321335582424396,0.6393984883657243,0.6393984883657243,0.8378378378378378,1.0,M_new_drop5_drop7,DINOv2-vit_base_patch14-224,0.8397722726210065,0.8397722726210065,20,4440,DINOv2+UMAP+Agglomerative,4440,0.7260137042286186,0.7260137042286186,umap100,0,0.0,44,0.7260137042286186,0.7260137042286186
0.8505484460694699,0.7378261274542076,0.7403225603239815,0.501065386886041,0.5089767527820019,0.6551486260377842,0.6575517411523926,0.8382882882882883,0.9855855855855856,M_new_drop5_drop7,DINOv2-vit_base_patch14-224,0.8492687101477684,0.8518302816214932,20,4376,DINOv2+UMAP+any2,4440,0.7396846808491795,0.7421878310398499,umap100,64,0.014414414414414415,44,0.7396846808491796,0.7421878310398499
0.8713264495631453,0.7378261274542076,0.766516392121694,0.501065386886041,0.5733654641978091,0.6551486260377842,0.6872666918609083,0.7412162162162163,0.8506756756756757,M_new_drop5_drop7,DINOv2-vit_base_patch14-224,0.8492687101477684,0.8709403070747137,20,3777,DINOv2+UMAP+all3,4440,0.7396846808491795,0.768278237821331,umap100,663,0.14932432432432433,44,0.7396846808491796,0.768278237821331
0.7968468468468468,0.6888409068729497,0.6888409068729497,0.41226926631940136,0.41226926631940136,0.5991094141512786,0.5991094141512786,0.7968468468468468,1.0,M_new_drop5_drop7,DINOv2-vit_base_patch14-224,0.8160506788583528,0.8160506788583528,20,4440,DINOv2+KMeans,4440,0.6909517114616,0.6909517114616,raw,0,0.0,55,0.6909517114616001,0.6909517114616001
0.8398648648648649,0.7299669353275328,0.7299669353275328,0.49013373294256973,0.49013373294256973,0.6432204612706732,0.6432204612706732,0.8398648648648649,1.0,M_new_drop5_drop7,DINOv2-vit_base_patch14-224,0.8488218255198826,0.8488218255198826,20,4440,DINOv2+UMAP+KMeans,4440,0.7318553515288608,0.7318553515288608,umap100,0,0.0,55,0.7318553515288607,0.7318553515288607
0.8481981981981982,0.7367061410342098,0.7367061410342098,0.5053509968951492,0.5053509968951492,0.6493683590879649,0.6493683590879649,0.8481981981981982,1.0,M_new_drop5_drop7,DINOv2-vit_base_patch14-224,0.85611006753339,0.85611006753339,20,4440,DINOv2+UMAP+Birch,4440,0.7385436814268841,0.7385436814268841,umap100,0,0.0,55,0.7385436814268841,0.7385436814268841
0.8490990990990991,0.735874864145117,0.735874864145117,0.49714350639745375,0.49714350639745375,0.6485214550912229,0.6485214550912229,0.8490990990990991,1.0,M_new_drop5_drop7,DINOv2-vit_base_patch14-224,0.8553755632315884,0.8553755632315884,20,4440,DINOv2+UMAP+Agglomerative,4440,0.7377225942439517,0.7377225942439517,umap100,0,0.0,55,0.7377225942439517,0.7377225942439517
0.8435856391493254,0.7299669353275328,0.7320748802143972,0.49013373294256973,0.4972596582136028,0.6432204612706732,0.6455891836392335,0.8308558558558559,0.9849099099099099,M_new_drop5_drop7,DINOv2-vit_base_patch14-224,0.8488218255198826,0.8504025438145114,20,4373,DINOv2+UMAP+any2,4440,0.7318553515288608,0.7339755614295841,umap100,67,0.01509009009009009,55,0.7318553515288607,0.7339755614295841
0.8815311539536184,0.7299669353275328,0.7754442749846665,0.49013373294256973,0.5993417439275757,0.6432204612706732,0.6974410021902009,0.7105855855855856,0.8060810810810811,M_new_drop5_drop7,DINOv2-vit_base_patch14-224,0.8488218255198826,0.8773979122394906,20,3579,DINOv2+UMAP+all3,4440,0.7318553515288608,0.7771376153141406,umap100,861,0.1939189189189189,55,0.7318553515288607,0.7771376153141406
