acc_kept_mean,acc_kept_sd,ami_all_mean,ami_all_sd,ami_kept_mean,ami_kept_sd,ari_all_mean,ari_all_sd,ari_kept_mean,ari_kept_sd,completeness_all_mean,completeness_all_sd,completeness_kept_mean,completeness_kept_sd,conservative_overall_accuracy_mean,conservative_overall_accuracy_sd,coverage_mean,coverage_sd,dataset,homogeneity_all_mean,homogeneity_all_sd,homogeneity_kept_mean,homogeneity_kept_sd,method,nmi_all_mean,nmi_all_sd,nmi_kept_mean,nmi_kept_sd,rejection_rate_mean,rejection_rate_sd,runs,v_measure_all_mean,v_measure_all_sd,v_measure_kept_mean,v_measure_kept_sd
0.9941648745519712,0.00033851523879908116,0.6189783663147923,0.0012562049235362264,0.6189783663147923,0.0012562049235362264,0.13397088999789514,0.0031062477072535807,0.13397088999789514,0.0031062477072535807,0.4534443748202319,0.001324420823743909,0.4534443748202319,0.001324420823743909,0.9941648745519712,0.00033851523879908116,1.0,0.0,F_new,0.9861202234909234,0.0005384183977012648,0.9861202234909234,0.0005384183977012648,DINOv2+KMeans,0.6212295076758985,0.001254415501236275,0.6212295076758985,0.001254415501236275,0.0,0.0,5,0.6212295076758985,0.0012544155012362524,0.6212295076758985,0.0012544155012362524
0.9983225806451612,0.000468972823908129,0.6302608684680597,0.0021732183514380165,0.6302608684680597,0.0021732183514380165,0.1447081521702686,0.004564230032403102,0.1447081521702686,0.004564230032403102,0.46342917448267185,0.002248857851335971,0.46342917448267185,0.002248857851335971,0.9983225806451612,0.000468972823908129,1.0,0.0,F_new,0.99566544961094,0.0010168253630396776,0.99566544961094,0.0010168253630396776,DINOv2+UMAP+Agglomerative,0.6324726263838997,0.002169017108316593,0.6324726263838997,0.002169017108316593,0.0,0.0,5,0.6324726263838997,0.0021690171083166266,0.6324726263838997,0.0021690171083166266
0.9984946236559139,0.0004055092651965741,0.6313617119886813,0.0021541433037252818,0.6313617119886813,0.0021541433037252818,0.1470682637751183,0.005150090763105854,0.1470682637751183,0.005150090763105854,0.46458745789535244,0.0023922506793078425,0.46458745789535244,0.0023922506793078425,0.9984946236559139,0.0004055092651965741,1.0,0.0,F_new,0.9957703666375146,0.0010252291601529338,0.9957703666375146,0.0010252291601529338,DINOv2+UMAP+Birch,0.6335705796598401,0.0021528187975320356,0.6335705796598401,0.0021528187975320356,0.0,0.0,5,0.6335705796598401,0.0021528187975320264,0.6335705796598401,0.0021528187975320264
0.9983225806451612,0.000468972823908129,0.6284580930221321,0.0005715840150210161,0.6284580930221321,0.0005715840150210161,0.13989679539220873,0.0018701892306479744,0.13989679539220873,0.0018701892306479744,0.4615114857351106,0.0005720081618984114,0.4615114857351106,0.0005720081618984114,0.9983225806451612,0.000468972823908129,1.0,0.0,F_new,0.9955993151684929,0.0009235503951706482,0.9955993151684929,0.0009235503951706482,DINOv2+UMAP+KMeans,0.6306731549599643,0.0005696655418607681,0.6306731549599643,0.0005696655418607681,0.0,0.0,5,0.6306731549599643,0.0005696655418607681,0.6306731549599643,0.0005696655418607681
0.998350846192816,0.0006461216050611558,0.6284580930221321,0.0005715840150210161,0.6744675076832596,0.008466532615733753,0.13989679539220873,0.0018701892306479744,0.21385965257327802,0.019558243592137082,0.4615114857351106,0.0005720081618984114,0.5132082834220676,0.009612739419913845,0.5632258064516129,0.022770042594106265,0.56415770609319,0.022847993487117822,F_new,0.9955993151684929,0.0009235503951706482,0.9958171657974179,0.0013857605259339197,DINOv2+UMAP+all3,0.6306731549599643,0.0005696655418607681,0.6772951321098811,0.008351874662386275,0.43584229390680995,0.022847993487117857,5,0.6306731549599643,0.0005696655418607681,0.6772951321098811,0.008351874662386261
0.9982120811418234,0.0005148211372110026,0.6284580930221321,0.0005715840150210161,0.6388618465667832,0.001669972780481707,0.13989679539220873,0.0018701892306479744,0.15458907980799408,0.00412347583961147,0.4615114857351106,0.0005720081618984114,0.4728819716303635,0.0019198490916777816,0.9218781362007167,0.012791571877439262,0.9235268817204301,0.012580634949806413,F_new,0.9955993151684929,0.0009235503951706482,0.9954576746844911,0.000968291351858617,DINOv2+UMAP+any2,0.6306731549599643,0.0005696655418607681,0.6411762287946741,0.001673293342517618,0.0764731182795699,0.012580634949806433,5,0.6306731549599643,0.0005696655418607681,0.6411762287946741,0.0016732933425176255
0.9980160857908847,0.0007243568946973899,0.49466168238033015,0.0025747834836311514,0.49466168238033015,0.0025747834836311514,0.10214524343172267,0.003961338191788361,0.10214524343172267,0.003961338191788361,0.33331726375258386,0.0021312167393471785,0.33331726375258386,0.0021312167393471785,0.9980160857908847,0.0007243568946973899,1.0,0.0,G_new,0.9942609043445227,0.001904741198240142,0.9942609043445227,0.001904741198240142,DINOv2+KMeans,0.4992595123001511,0.0025740772948507347,0.4992595123001511,0.0025740772948507347,0.0,0.0,5,0.499259512300151,0.002574077294850707,0.499259512300151,0.002574077294850707
0.9991420911528148,0.0001198964063002271,0.4958524322702636,0.0007791598786354334,0.4958524322702636,0.0007791598786354334,0.10189199374049365,0.0011630236242797139,0.10189199374049365,0.0011630236242797139,0.3340499039195855,0.0006662357789521848,0.3340499039195855,0.0006662357789521848,0.9991420911528148,0.0001198964063002271,1.0,0.0,G_new,0.9970597650236392,0.0004513185877061586,0.9970597650236392,0.0004513185877061586,DINOv2+UMAP+Agglomerative,0.5004359391993582,0.0007799737704995007,0.5004359391993582,0.0007799737704995007,0.0,0.0,5,0.5004359391993581,0.0007799737704994937,0.5004359391993581,0.0007799737704994937
0.9991420911528148,0.0001198964063002271,0.49747292413877436,0.0005983544616835903,0.49747292413877436,0.0005983544616835903,0.10518904956747846,0.0013838559967162185,0.10518904956747846,0.0013838559967162185,0.33552981431285345,0.0005460907429399926,0.33552981431285345,0.0005460907429399926,0.9991420911528148,0.0001198964063002271,1.0,0.0,G_new,0.996836174773513,0.0005606617073418002,0.996836174773513,0.0005606617073418002,DINOv2+UMAP+Birch,0.5020663855032762,0.0006012069046140006,0.5020663855032762,0.0006012069046140006,0.0,0.0,5,0.5020663855032762,0.0006012069046139902,0.5020663855032762,0.0006012069046139902
0.9991420911528148,0.0001198964063002271,0.4924386754924325,0.0008143917644425478,0.4924386754924325,0.0008143917644425478,0.09575378360008935,0.00188662408651053,0.09575378360008935,0.00188662408651053,0.33103070915325494,0.0007452903093736525,0.33103070915325494,0.0007452903093736525,0.9991420911528148,0.0001198964063002271,1.0,0.0,G_new,0.996833563450353,0.00032069654490716456,0.996833563450353,0.00032069654490716456,DINOv2+UMAP+KMeans,0.4970119773560976,0.0008172317602489037,0.4970119773560976,0.0008172317602489037,0.0,0.0,5,0.4970119773560976,0.0008172317602489003,0.4970119773560976,0.0008172317602489003
0.9991199599409433,0.000294132716551225,0.4924386754924325,0.0008143917644425478,0.5131717935266119,0.004527211088787591,0.09575378360008935,0.00188662408651053,0.12435423727688896,0.004281854608374689,0.33103070915325494,0.0007452903093736525,0.351243640298187,0.0040262590181942065,0.6046648793565683,0.016779715166699023,0.6052010723860589,0.01695124886973359,G_new,0.996833563450353,0.00032069654490716456,0.9970147659177279,0.0010090837394769756,DINOv2+UMAP+all3,0.4970119773560976,0.0008172317602489037,0.5194678769082015,0.004465889285708404,0.39479892761394103,0.016951248869733596,5,0.4970119773560976,0.0008172317602489003,0.5194678769082015,0.00446588928570836
0.9991398853877225,0.000207603676550402,0.4924386754924325,0.0008143917644425478,0.4931886220282962,0.0014878142064734831,0.09575378360008935,0.00188662408651053,0.09697152595180072,0.002094073507794645,0.33103070915325494,0.0007452903093736525,0.3319574251656176,0.0013406076063638285,0.9353351206434317,0.012456249940032168,0.9361394101876677,0.01238100938118005,G_new,0.996833563450353,0.00032069654490716456,0.9969082232330665,0.0007353778125577853,DINOv2+UMAP+any2,0.4970119773560976,0.0008172317602489037,0.4980642754814129,0.0015136686628077294,0.06386058981233245,0.01238100938118005,5,0.4970119773560976,0.0008172317602489003,0.4980642754814129,0.0015136686628077582
0.8114415530772409,0.0046548647953674836,0.6002650366781976,0.004377344813097271,0.6002650366781976,0.004377344813097271,0.21280749182768513,0.00728847179756968,0.21280749182768513,0.00728847179756968,0.4798054061446878,0.004214735537820459,0.4798054061446878,0.004214735537820459,0.8114415530772409,0.0046548647953674836,1.0,0.0,M_new,0.8312037181247105,0.003653856611127302,0.8312037181247105,0.003653856611127302,DINOv2+KMeans,0.6084080752657488,0.00432144653903496,0.6084080752657488,0.00432144653903496,0.0,0.0,5,0.6084080752657488,0.004321446539034947,0.6084080752657488,0.004321446539034947
0.8517967781908302,0.002577857707828159,0.6311791303998271,0.002558197616655446,0.6311791303998271,0.002558197616655446,0.2604094602018828,0.005487503244413008,0.2604094602018828,0.005487503244413008,0.5070302809478472,0.0028970988963784943,0.5070302809478472,0.0028970988963784943,0.8517967781908302,0.002577857707828159,1.0,0.0,M_new,0.8631698272920092,0.001812579592430578,0.8631698272920092,0.001812579592430578,DINOv2+UMAP+Agglomerative,0.6388132639454387,0.002537880763613625,0.6388132639454387,0.002537880763613625,0.0,0.0,5,0.6388132639454387,0.0025378807636135597,0.6388132639454387,0.0025378807636135597
0.8489880214787279,0.005688663658556655,0.626186024809211,0.0008660691364802712,0.626186024809211,0.0008660691364802712,0.24571123872639905,0.007150595053484886,0.24571123872639905,0.007150595053484886,0.5011830033166621,0.0013359788498906167,0.5011830033166621,0.0013359788498906167,0.8489880214787279,0.005688663658556655,1.0,0.0,M_new,0.862046320732204,0.0024167702249872176,0.862046320732204,0.0024167702249872176,DINOv2+UMAP+Birch,0.6338494081386145,0.0008619927048532109,0.6338494081386145,0.0008619927048532109,0.0,0.0,5,0.6338494081386143,0.0008619927048532377,0.6338494081386143,0.0008619927048532377
0.847253201156547,0.0028898916397706543,0.6240449556114454,0.0022963829164276816,0.6240449556114454,0.0022963829164276816,0.23547100463093917,0.006051767569897436,0.23547100463093917,0.006051767569897436,0.49929441285903103,0.00241981102930781,0.49929441285903103,0.00241981102930781,0.847253201156547,0.0028898916397706543,1.0,0.0,M_new,0.8598670107373751,0.0017787552024650384,0.8598670107373751,0.0017787552024650384,DINOv2+UMAP+KMeans,0.631750717319831,0.0022731234630113547,0.631750717319831,0.0022731234630113547,0.0,0.0,5,0.6317507173198308,0.0022731234630113716,0.6317507173198308,0.0022731234630113716
0.869589436031047,0.007147559350028286,0.6240449556114454,0.0022963829164276816,0.657218927156715,0.009797963298673967,0.23547100463093917,0.006051767569897436,0.2927193963614566,0.01972311374863364,0.49929441285903103,0.00241981102930781,0.5356756825841891,0.010270443107235962,0.5914085088806279,0.022545722174326523,0.6801321767864519,0.026246469300848695,M_new,0.8598670107373751,0.0017787552024650384,0.8807556846989482,0.0063175154700780825,DINOv2+UMAP+all3,0.631750717319831,0.0022731234630113547,0.6661607055742776,0.009658778006490567,0.3198678232135482,0.026246469300848712,5,0.6317507173198308,0.0022731234630113716,0.6661607055742776,0.0096587780064906
0.854458796126579,0.0035084482510963425,0.6240449556114454,0.0022963829164276816,0.6293568491934511,0.0016752218285635038,0.23547100463093917,0.006051767569897436,0.24338260824175623,0.005291627770870397,0.49929441285903103,0.00241981102930781,0.5041279817661838,0.0015240640105470004,0.821974390747625,0.011796426743903238,0.9619991738950846,0.0146408015353456,M_new,0.8598670107373751,0.0017787552024650384,0.8659325622448707,0.0026269974019366136,DINOv2+UMAP+any2,0.631750717319831,0.0022731234630113547,0.6372562421993223,0.0015917583338661632,0.03800082610491533,0.014640801535345567,5,0.6317507173198308,0.0022731234630113716,0.6372562421993223,0.0015917583338662417
0.9111803700405658,0.0026747576106728524,0.627985987172276,0.0024070924153402175,0.627985987172276,0.0024070924153402175,0.18968582200688683,0.0026071212008933605,0.18968582200688683,0.0026071212008933605,0.49261253551046574,0.001952830845722772,0.49261253551046574,0.001952830845722772,0.9111803700405658,0.0026747576106728524,1.0,0.0,V_new,0.8732634452934119,0.003314091031622216,0.8732634452934119,0.003314091031622216,DINOv2+KMeans,0.6298965011930513,0.0023952412174248912,0.6298965011930513,0.0023952412174248912,0.0,0.0,5,0.6298965011930513,0.0023952412174248496,0.6298965011930513,0.0023952412174248496
0.9752250915207282,0.006868801712148268,0.8179113786242265,0.007168127372694127,0.8179113786242265,0.007168127372694127,0.6123751050005465,0.014967236167507158,0.6123751050005465,0.014967236167507158,0.7173119297906508,0.010540909753719857,0.7173119297906508,0.010540909753719857,0.9752250915207282,0.006868801712148268,1.0,0.0,V_new,0.9546784493052481,0.005250510519434241,0.9546784493052481,0.005250510519434241,DINOv2+UMAP+Agglomerative,0.8191064752170221,0.007131169972487532,0.8191064752170221,0.007131169972487532,0.0,0.0,5,0.8191064752170221,0.007131169972487519,0.8191064752170221,0.007131169972487519
0.9752745621846245,0.003921685277771277,0.7907556498800438,0.020892616922944553,0.7907556498800438,0.020892616922944553,0.5065475746301529,0.07362121626051714,0.5065475746301529,0.07362121626051714,0.6764201663319921,0.028959994673799797,0.6764201663319921,0.028959994673799797,0.9752745621846245,0.003921685277771277,1.0,0.0,V_new,0.9561293563435619,0.004287213547093217,0.9561293563435619,0.004287213547093217,DINOv2+UMAP+Birch,0.7920687755007444,0.020796236607945426,0.7920687755007444,0.020796236607945426,0.0,0.0,5,0.7920687755007444,0.020796236607945426,0.7920687755007444,0.020796236607945426
0.9659839715048977,0.008024059334118313,0.7965790956685883,0.01308465897824587,0.7965790956685883,0.01308465897824587,0.5545073756742623,0.05629298465565402,0.5545073756742623,0.05629298465565402,0.69027825492864,0.020234402623134345,0.69027825492864,0.020234402623134345,0.9659839715048977,0.008024059334118313,1.0,0.0,V_new,0.9457099658894169,0.0075056594062630645,0.9457099658894169,0.0075056594062630645,DINOv2+UMAP+KMeans,0.797887777739729,0.013027501816345944,0.797887777739729,0.013027501816345944,0.0,0.0,5,0.7978877777397289,0.013027501816345936,0.7978877777397289,0.013027501816345936
0.9850510755022424,0.0038849132257193363,0.7965790956685883,0.01308465897824587,0.8428270296006044,0.004375347400186465,0.5545073756742623,0.05629298465565402,0.6612958671448596,0.019618059571986132,0.69027825492864,0.020234402623134345,0.7478025700950182,0.00695872682195179,0.760937963787474,0.08345524756373554,0.7723557930147422,0.08310265094186374,V_new,0.9457099658894169,0.0075056594062630645,0.9687880695582939,0.0038572895794072057,DINOv2+UMAP+all3,0.797887777739729,0.013027501816345944,0.8440503279836413,0.004262877522399562,0.22764420698525772,0.08310265094186374,5,0.7978877777397289,0.013027501816345936,0.8440503279836413,0.004262877522399541
0.9744137142954432,0.00601582643852486,0.7965790956685883,0.01308465897824587,0.8041559588597595,0.013307664274944928,0.5545073756742623,0.05629298465565402,0.5640854761075283,0.056208593114648736,0.69027825492864,0.020234402623134345,0.6972727307441928,0.02048721003742014,0.9595033145344811,0.006758460417740308,0.9847135648560403,0.007000929230085335,V_new,0.9457099658894169,0.0075056594062630645,0.9537654203360322,0.005908817663179918,DINOv2+UMAP+any2,0.797887777739729,0.013027501816345944,0.805437170215207,0.013249674147237706,0.015286435143959633,0.007000929230085362,5,0.7978877777397289,0.013027501816345936,0.805437170215207,0.013249674147237725
