bootstrap_reps,ci95_high,ci95_low,ci_excludes_zero,ci_method,comparison,dataset,mean_diff,metric,n_seed_pairs,sampling_unit,seed_diff_std,seed_diffs
20000,0.0006809916898846468,-0.0005767824789875365,0,percentile,DINOv2+UMAP+all3 - DINOv2+UMAP+KMeans,F_new,2.826554765475997e-05,acc_kept,5,random_seed,0.000809326393419837,-0.00069454;-0.00014620;-0.00067431;0.00044494;0.00121144
20000,0.08751282471098157,0.058754637543335084,1,percentile,DINOv2+UMAP+all3 - DINOv2+UMAP+KMeans,F_new,0.07396285718106928,ari_kept,5,random_seed,0.018917394012486086,0.06959918;0.09642194;0.07722974;0.04499001;0.08157341
20000,0.0522389894625241,0.039438979814315545,1,percentile,DINOv2+UMAP+all3 - DINOv2+UMAP+KMeans,F_new,0.04662197714991674,nmi_kept,5,random_seed,0.008747980088300739,0.04513523;0.05038296;0.05012671;0.03231383;0.05515116
20000,-0.41891039426523297,-0.454437275985663,1,percentile,DINOv2+UMAP+all3 - DINOv2+UMAP+KMeans,F_new,-0.43584229390680995,coverage,5,random_seed,0.022847993487117822,-0.42215054;-0.45519713;-0.41620072;-0.42000000;-0.46566308
20000,0.0008291511617525282,-0.0004962570564482239,0,percentile,DINOv2+UMAP+all3 - DINOv2+UMAP+any2,F_new,0.00013876505099255087,acc_kept,5,random_seed,0.0008519205169866017,-0.00056888;-0.00000789;-0.00066782;0.00055030;0.00138811
20000,0.07120287968011325,0.0446840192591557,1,percentile,DINOv2+UMAP+all3 - DINOv2+UMAP+any2,F_new,0.05927057276528395,ari_kept,5,random_seed,0.017451453770144298,0.05751340;0.07688302;0.06337268;0.03073183;0.06785193
20000,0.0421236674757894,0.028106574703406783,1,percentile,DINOv2+UMAP+all3 - DINOv2+UMAP+any2,F_new,0.036118903315207104,nmi_kept,5,random_seed,0.008916466628622135,0.03631609;0.03757673;0.04001569;0.02140036;0.04528564
20000,-0.34428673835125456,-0.37564157706093193,1,percentile,DINOv2+UMAP+all3 - DINOv2+UMAP+any2,F_new,-0.3593691756272401,coverage,5,random_seed,0.02072108698883565,-0.33340502;-0.36623656;-0.35591398;-0.35154122;-0.38974910
20000,0.024767109034949074,0.01336709895974042,1,percentile,DINOv2+UMAP+all3 - DINOv2+UMAP+KMeans,V_new,0.019067103997344747,acc_kept,5,random_seed,0.0072315147047750175,0.02607510;0.01037579;0.01857794;0.01375299;0.02655371
20000,0.1601367963789773,0.06397893716945639,1,percentile,DINOv2+UMAP+all3 - DINOv2+UMAP+KMeans,V_new,0.10678849147059721,ari_kept,5,random_seed,0.060385410656612876,0.13497585;0.19939619;0.05280470;0.06751957;0.07924615
20000,0.055760902187435166,0.036564198300389775,1,percentile,DINOv2+UMAP+all3 - DINOv2+UMAP+KMeans,V_new,0.04616255024391247,nmi_kept,5,random_seed,0.012194748238384255,0.05734700;0.05921767;0.03137110;0.03720182;0.04567516
20000,-0.15877114870881565,-0.28884931235777184,1,percentile,DINOv2+UMAP+all3 - DINOv2+UMAP+KMeans,V_new,-0.22764420698525772,coverage,5,random_seed,0.08310265094186374,-0.29781340;-0.25942416;-0.29459780;-0.10482834;-0.18155734
20000,0.016763715957095537,0.004195656880913145,1,percentile,DINOv2+UMAP+all3 - DINOv2+UMAP+any2,V_new,0.010637361206799145,acc_kept,5,random_seed,0.007996706328745908,0.01140397;0.00611336;0.00047706;0.01343375;0.02175867
20000,0.14546069144323043,0.054538429424209986,1,percentile,DINOv2+UMAP+all3 - DINOv2+UMAP+any2,V_new,0.0972103910373312,ari_kept,5,random_seed,0.06016471723509073,0.12664496;0.18776131;0.03737457;0.06367189;0.07059923
20000,0.048090740976501865,0.02679421452128994,1,percentile,DINOv2+UMAP+all3 - DINOv2+UMAP+any2,V_new,0.038613157768434304,nmi_kept,5,random_seed,0.013743010320862465,0.04675077;0.05339248;0.01714247;0.03579289;0.03998718
20000,-0.14684871870980504,-0.2683288809735826,1,percentile,DINOv2+UMAP+all3 - DINOv2+UMAP+any2,V_new,-0.21235777184129806,coverage,5,random_seed,0.07678124826034938,-0.27837143;-0.24517661;-0.26986247;-0.09800139;-0.17037697
20000,0.027363746490571893,0.01631399271840215,1,percentile,DINOv2+UMAP+all3 - DINOv2+UMAP+KMeans,M_new,0.022336234874500073,acc_kept,5,random_seed,0.007122154384247491,0.02790547;0.02438601;0.01109013;0.02831089;0.01998867
20000,0.0717268471449665,0.043726909655002026,1,percentile,DINOv2+UMAP+all3 - DINOv2+UMAP+KMeans,M_new,0.05724839173051741,ari_kept,5,random_seed,0.018273558961890094,0.06465058;0.03961643;0.04156597;0.08413923;0.05626975
20000,0.041821796802460856,0.028026196679495307,1,percentile,DINOv2+UMAP+all3 - DINOv2+UMAP+KMeans,M_new,0.03440998825444672,nmi_kept,5,random_seed,0.009033979443778742,0.03663385;0.02685831;0.02639552;0.04853894;0.03362331
20000,-0.30185873605947955,-0.34221396117306896,1,percentile,DINOv2+UMAP+all3 - DINOv2+UMAP+KMeans,M_new,-0.3198678232135482,coverage,5,random_seed,0.026246469300848698,-0.30855019;-0.29244114;-0.33023544;-0.36018174;-0.30793061
20000,0.02135911318994055,0.008039913512239361,1,percentile,DINOv2+UMAP+all3 - DINOv2+UMAP+any2,M_new,0.015130639904467901,acc_kept,5,random_seed,0.008812412689656341,0.02321581;0.01315078;0.00149286;0.02257020;0.01522355
20000,0.06319922078237229,0.03661323349348794,1,percentile,DINOv2+UMAP+all3 - DINOv2+UMAP+any2,M_new,0.04933678811970034,ari_kept,5,random_seed,0.01740862769135565,0.05541712;0.03529430;0.03159994;0.07509490;0.04927769
20000,0.0362964914026032,0.02222743356081438,1,percentile,DINOv2+UMAP+all3 - DINOv2+UMAP+any2,M_new,0.02890446337495529,nmi_kept,5,random_seed,0.009441604224890179,0.03086701;0.02082516;0.01992013;0.04326343;0.02964658
20000,-0.2656340355225114,-0.30689797604295743,1,percentile,DINOv2+UMAP+all3 - DINOv2+UMAP+any2,M_new,-0.2818669971086328,coverage,5,random_seed,0.027706246026488194,-0.27819083;-0.26125568;-0.26621231;-0.33002891;-0.27364725
20000,0.0003343492344296983,-0.00032377635947329343,0,percentile,DINOv2+UMAP+all3 - DINOv2+UMAP+KMeans,G_new,-2.2131211871845303e-05,acc_kept,5,random_seed,0.0003956854269517143,-0.00006755;0.00060770;-0.00049217;-0.00007483;-0.00008381
20000,0.03080381501519124,0.024968667326615318,1,percentile,DINOv2+UMAP+all3 - DINOv2+UMAP+KMeans,G_new,0.02860045367679962,ari_kept,5,random_seed,0.004058044610005614,0.02970149;0.03085951;0.02986113;0.02142744;0.03115269
20000,0.025499432178204617,0.01886483682889458,1,percentile,DINOv2+UMAP+all3 - DINOv2+UMAP+KMeans,G_new,0.0224558995521039,nmi_kept,5,random_seed,0.0041483329430035696,0.02381352;0.02753433;0.02239823;0.01603748;0.02249594
20000,-0.38386058981233245,-0.4098659517426274,1,percentile,DINOv2+UMAP+all3 - DINOv2+UMAP+KMeans,G_new,-0.394798927613941,coverage,5,random_seed,0.01695124886973359,-0.38498660;-0.42305630;-0.37962466;-0.39008043;-0.39624665
20000,0.00035253024105788013,-0.0003223381863130204,0,percentile,DINOv2+UMAP+all3 - DINOv2+UMAP+any2,G_new,-1.9925446779289756e-05,acc_kept,5,random_seed,0.0004351432691644641,-0.00030220;0.00069139;-0.00043340;-0.00000930;-0.00004611
20000,0.0303833867152686,0.02279672632235737,1,percentile,DINOv2+UMAP+all3 - DINOv2+UMAP+any2,G_new,0.027382711325088266,ari_kept,5,random_seed,0.0051275757261334595,0.02771662;0.03029879;0.02955404;0.01846145;0.03088265
20000,0.025079560311150682,0.016869298569311898,1,percentile,DINOv2+UMAP+all3 - DINOv2+UMAP+any2,G_new,0.021403601426788543,nmi_kept,5,random_seed,0.005073041506917756,0.02196285;0.02727092;0.02162220;0.01328113;0.02288092
20000,-0.31576407506702414,-0.34611260053619297,1,percentile,DINOv2+UMAP+all3 - DINOv2+UMAP+any2,G_new,-0.33093833780160853,coverage,5,random_seed,0.01918211359627197,-0.32627346;-0.35067024;-0.31152815;-0.31474531;-0.35147453
