true_class,Cashew - leaf miner,Cashew - red rust,Corn - leaf blight,Corn - streak virus,Potato - fungi,Rice - bacterial leaf blight,Rice - brown spot,Tomato - septoria leaf spot,Tomato - Verticillium wilt,Rejected
Cashew - leaf miner,0.9981981981981981,0.0018018018018018018,0.0,0.0,0.0,0.0,0.0,0.0,0.0,0.0
Cashew - red rust,0.005309734513274336,0.9946902654867257,0.0,0.0,0.0,0.0,0.0,0.0,0.0,0.0
Corn - leaf blight,0.0,0.0,0.8710204081632652,0.0983673469387755,0.0,0.0,0.0,0.0,0.0,0.030612244897959183
Corn - streak virus,0.0,0.0,0.14710327455919395,0.7410579345088161,0.0,0.0,0.0,0.0,0.0,0.11183879093198994
Potato - fungi,0.0,0.0,0.0,0.0,1.0,0.0,0.0,0.0,0.0,0.0
Rice - bacterial leaf blight,0.0,0.0,0.0,0.0,0.0,0.9884848484848486,0.006060606060606061,0.0,0.0,0.005454545454545453
Rice - brown spot,0.0,0.0,0.0,0.0,0.0,0.1686153846153846,0.8313846153846154,0.0,0.0,0.0
Tomato - septoria leaf spot,0.0,0.0,0.0,0.0,0.0,0.0,0.0,0.702086230876217,0.04867872044506259,0.24923504867872043
Tomato - Verticillium wilt,0.0,0.0,0.0,0.0,0.0,0.0,0.0,0.2576523031203566,0.47994056463595836,0.262407132243685
