acc_kept,ami_all,ami_kept,ari_all,ari_kept,completeness_all,completeness_kept,dataset,dim,error_gap,error_lift,homogeneity_all,homogeneity_kept,k,kept,kept_error,method,n,nmi_all,nmi_kept,overall_accuracy,reduction,rejected,rejected_error,rejection_rate,seed,subset,v_measure_all,v_measure_kept
0.7021949078138718,0.5630305273852546,0.6780308351207925,0.3013377594351756,0.43781699668580765,0.6976319953688058,0.7511387673976585,F_new,50,0.7021949078138718,3.357900943396227,0.47231118833196484,0.6182281080282751,4,11390,0.29780509218612816,all3,13950,0.5632741851766958,0.6782332877600882,0.5733333333333334,umap,2560,1.0,0.18351254480286738,11,exact_dedup_clean,0.5632741851766958,0.6782332877600882
0.7784929950776222,0.734185955181155,0.8462515742709708,0.4906353623137394,0.7805450371899095,0.7734968195038986,0.9035495374076405,F_new,50,0.7784929950776222,4.514529914529915,0.6990719953303266,0.7959985906585049,6,10564,0.22150700492237785,all3,13950,0.7344036618799707,0.8463710400305111,0.5895340501792115,umap,3386,1.0,0.24272401433691757,11,exact_dedup_clean,0.7344036618799709,0.8463710400305112
0.858494623655914,0.8446628830294147,0.8446628830294147,0.6438933511985517,0.6438933511985517,0.8114601476518564,0.8114601476518564,F_new,50,nan,nan,0.8810523422953045,0.8810523422953045,8,13950,0.141505376344086,all3,13950,0.8448255100206458,0.8448255100206458,0.858494623655914,umap,0,nan,0.0,11,exact_dedup_clean,0.8448255100206458,0.8448255100206458
0.9766440284909723,0.8927438329550764,0.8903188580606413,0.6884632859876744,0.6959584043610573,0.8253117053352997,0.8245370383442645,F_new,50,0.30926662977028996,14.241437190944955,0.9725036702317872,0.967858817304408,10,12074,0.023355971509027684,all3,13950,0.8928821873832993,0.8904678508830273,0.8453046594982079,umap,1876,0.33262260127931764,0.13448028673835125,11,exact_dedup_clean,0.8928821873832995,0.8904678508830274
0.9994977037887486,0.8714753545607276,0.8716876339906149,0.5792387361050467,0.5800166888285381,0.7735461031513053,0.7738807643972989,F_new,50,-0.0005022962112514184,0.0,0.998299755165677,0.9982988933592197,12,13936,0.0005022962112514184,all3,13950,0.8716682455874893,0.8718803506274688,0.998494623655914,umap,14,0.0,0.001003584229390681,11,exact_dedup_clean,0.8716682455874895,0.8718803506274688
0.9994481671265274,0.8369425645103793,0.8529471526852838,0.5090036545089712,0.5423708071780126,0.720932328792434,0.7450295820528181,F_new,50,0.254784135505974,462.7052512704716,0.9983028704415391,0.9981772040725527,15,12685,0.0005518328734726019,all3,13950,0.8372429944992583,0.8532224072139885,0.9088172043010753,umap,1265,0.2553359683794466,0.0906810035842294,11,exact_dedup_clean,0.8372429944992582,0.8532224072139883
0.9993287303413886,0.7816799977692389,0.836115741290489,0.3916070759483816,0.5350127952049943,0.6429849790408881,0.7201290633348663,F_new,50,0.3292549086491683,491.4957410562278,0.9983261141206413,0.9978836244254136,20,10428,0.0006712696586114175,all3,13950,0.7821901627769703,0.8365537750614609,0.7470250896057348,umap,3522,0.3299261783077797,0.2524731182795699,11,exact_dedup_clean,0.7821901627769703,0.836553775061461
0.9993034132749528,0.749383715783048,0.7786100654871931,0.33587814406396677,0.3960306519814534,0.6007260606944198,0.639417750570329,F_new,50,0.2351403781557525,338.5608085838916,0.9983261141206413,0.9977675477345206,25,10049,0.0006965867250472435,all3,13950,0.7500949916076648,0.7793745541510287,0.7198566308243728,umap,3901,0.23583696488079975,0.2796415770609319,11,exact_dedup_clean,0.7500949916076648,0.7793745541510286
0.9992693873290889,0.7270880519162393,0.7747512828829844,0.29961303275080114,0.40001488735130497,0.5728389748336127,0.6344111670258544,F_new,50,0.20503729760604017,281.6374783376597,0.9984371509965932,0.9978475281894762,30,9581,0.0007306126709111238,all3,13950,0.7279989870787184,0.7756682402467303,0.6863082437275986,umap,4369,0.2057679102769513,0.3131899641577061,11,exact_dedup_clean,0.7279989870787185,0.7756682402467302
0.6874677668901495,0.5649733386581122,0.6722171807549169,0.30607033832355257,0.42445493320956484,0.698642055750298,0.7553998021938405,F_new,100,0.6874677668901495,3.1996699669966997,0.47458035572979596,0.6058208797711823,4,11634,0.31253223310985045,all3,13950,0.5652155841917242,0.6723920357769128,0.5733333333333334,umap,2316,1.0,0.16602150537634408,11,exact_dedup_clean,0.5652155841917242,0.6723920357769126
0.816583904784425,0.7510852550580408,0.8226217984621331,0.5343297194576627,0.6147272988281713,0.7797689039107087,0.8317078790568221,F_new,100,0.816583904784425,5.452084228620541,0.724811289087229,0.814006958481437,6,12687,0.183416095215575,all3,13950,0.7512863814955606,0.8227622253060614,0.7426523297491039,umap,1263,1.0,0.09053763440860214,11,exact_dedup_clean,0.7512863814955606,0.8227622253060614
0.858494623655914,0.8446628830294147,0.8446628830294147,0.6438933511985517,0.6438933511985517,0.8114601476518564,0.8114601476518564,F_new,100,nan,nan,0.8810523422953045,0.8810523422953045,8,13950,0.141505376344086,all3,13950,0.8448255100206458,0.8448255100206458,0.858494623655914,umap,0,nan,0.0,11,exact_dedup_clean,0.8448255100206458,0.8448255100206458
0.9766440284909723,0.8927438329550765,0.8903188580606413,0.6884632859876744,0.6959584043610573,0.8253117053352997,0.8245370383442645,F_new,100,0.30926662977028996,14.241437190944955,0.9725036702317873,0.967858817304408,10,12074,0.023355971509027684,all3,13950,0.8928821873832994,0.8904678508830273,0.8453046594982079,umap,1876,0.33262260127931764,0.13448028673835125,11,exact_dedup_clean,0.8928821873832994,0.8904678508830274
0.9994980279670133,0.8714439306926351,0.87149441217138,0.5790753738624704,0.579221639713905,0.7734966729150178,0.7735763214899867,F_new,100,-0.0005019720329867416,0.0,0.998299755165677,0.9982994476417915,12,13945,0.0005019720329867416,all3,13950,0.8716368618363189,0.8716873134177252,0.9991397849462366,umap,5,0.0,0.00035842293906810036,11,exact_dedup_clean,0.871636861836319,0.8716873134177252
0.9994238208906083,0.8368488195817635,0.8765939958890193,0.508386573982038,0.6318062551494299,0.7207935302738429,0.7817981262845345,F_new,100,0.538568740379781,935.7245181249277,0.9983028704415391,0.9981685352102249,15,12149,0.0005761791093916724,all3,13950,0.8371493884445653,0.8768324794220644,0.8703942652329749,umap,1801,0.5391449194891726,0.12910394265232975,11,exact_dedup_clean,0.8371493884445654,0.8768324794220645
0.9993941229930324,0.779938256248838,0.8402905154686839,0.38801167120097135,0.5487877938958726,0.6406352117969482,0.7262321201974137,F_new,100,0.3769577503713374,623.1687669879083,0.9983332867413363,0.9981305806630062,20,9903,0.0006058770069675701,all3,13950,0.7804511888616263,0.8407448009250883,0.7094623655913979,umap,4047,0.37756362737830496,0.2901075268817204,11,exact_dedup_clean,0.7804511888616262,0.8407448009250883
0.9992323719706108,0.7540362500967325,0.8031861926913313,0.35295375942667834,0.45969355789664257,0.6067047997798197,0.6732006951001027,F_new,100,0.1654505462616478,216.53479019426794,0.9983278251451954,0.9975964949385344,25,9119,0.0007676280293892335,all3,13950,0.7547389054445365,0.8039068509643796,0.6531899641577061,umap,4831,0.16621817429103702,0.34630824372759855,11,exact_dedup_clean,0.7547389054445365,0.8039068509643796
0.9992351398601399,0.7138800908879639,0.7587593498808448,0.2572012620644902,0.3508415167485055,0.5566800600772839,0.6134890735361964,F_new,100,0.35375785765922285,463.51313047105265,0.9984405919854247,0.9977026017854036,30,9152,0.0007648601398601018,all3,13950,0.7148152369950427,0.7597850140478246,0.6555555555555556,umap,4798,0.35452271779908295,0.3439426523297491,11,exact_dedup_clean,0.7148152369950427,0.7597850140478245
0.5966798303349422,0.6243584122606303,0.6326955474267937,0.33874651517701926,0.34370548092032976,0.783314109159878,0.778842656819727,F_new,200,0.5966798303349422,2.479419764279238,0.5193246285441604,0.5329975593942722,4,13674,0.4033201696650578,all3,13950,0.6245696477441589,0.632883837690408,0.5848745519713262,umap,276,1.0,0.01978494623655914,11,exact_dedup_clean,0.624569647744159,0.6328838376904079
0.815748031496063,0.7558766936254665,0.7883118403022089,0.5421882053164485,0.594116204804697,0.7815141769302073,0.7623031145132301,F_new,200,0.815748031496063,5.427350427350428,0.7322363351055282,0.8165140893378188,6,12700,0.184251968503937,all3,13950,0.7560731734832655,0.7884778957664251,0.7426523297491039,umap,1250,1.0,0.08960573476702509,11,exact_dedup_clean,0.7560731734832655,0.7884778957664251
0.858494623655914,0.8446628830294147,0.8446628830294147,0.6438933511985517,0.6438933511985517,0.8114601476518564,0.8114601476518564,F_new,200,nan,nan,0.8810523422953045,0.8810523422953045,8,13950,0.141505376344086,all3,13950,0.8448255100206458,0.8448255100206458,0.858494623655914,umap,0,nan,0.0,11,exact_dedup_clean,0.8448255100206458,0.8448255100206458
0.9499798954563732,0.8897501350355168,0.8915102644596918,0.6852407423563903,0.6972905792646882,0.8251002468329701,0.8307084188047102,F_new,200,0.1321581132781554,3.642099901308463,0.9657288320416378,0.9621994514103449,10,12435,0.05002010454362682,all3,13950,0.8898929630872541,0.8916321893996396,0.8468100358422939,umap,1515,0.18217821782178223,0.1086021505376344,11,exact_dedup_clean,0.8898929630872541,0.8916321893996396
0.9994975956362593,0.8714439306926351,0.8717099096955101,0.5790753738624704,0.5800631873990996,0.7734966729150178,0.7739159631805196,F_new,200,-0.0005024043637407161,0.0,0.998299755165677,0.9982987083866547,12,13933,0.0005024043637407161,all3,13950,0.8716368618363189,0.8719026186141601,0.9982795698924731,umap,17,0.0,0.0012186379928315412,11,exact_dedup_clean,0.871636861836319,0.8719026186141602
0.9994906497853453,0.8369697660914047,0.8410444870512672,0.5091127650970563,0.5242369150441818,0.7209726078296882,0.7270377843496982,F_new,200,-0.0005093502146547024,0.0,0.998302870441539,0.9982899119131153,15,13743,0.0005093502146547024,all3,13950,0.8372701559494407,0.841341024395645,0.9846594982078853,umap,207,0.0,0.014838709677419355,11,exact_dedup_clean,0.8372701559494407,0.8413410243956448
0.9993916217625587,0.7856790679758324,0.8188204539129352,0.40165354444622237,0.4806905012507325,0.6483962237174397,0.694822479985086,F_new,200,0.2289333566234425,377.30102875849144,0.9983334621686635,0.9980617179198724,20,11506,0.0006083782374413094,all3,13950,0.7861832484456598,0.8192831132589897,0.8243010752688172,umap,2444,0.2295417348608838,0.17519713261648745,11,exact_dedup_clean,0.7861832484456598,0.8192831132589897
0.999354541263255,0.7441310485960329,0.7859771244139109,0.320281184791445,0.42432440461574805,0.594024910803186,0.6492550315857265,F_new,200,0.415135539652949,644.1635610766069,0.9983334621686633,0.9979070019788797,25,10845,0.0006454587367450415,all3,13950,0.744851103724576,0.7866817336571436,0.7769175627240144,umap,3105,0.41578099838969407,0.22258064516129034,11,exact_dedup_clean,0.744851103724576,0.7866817336571434
0.9992781272558523,0.7218024880828455,0.7433437812643933,0.2802331415278337,0.31850226927023845,0.5663672322166156,0.593617458129668,F_new,200,0.26450267463417354,367.4117765610699,0.9983334621686634,0.9977754472241842,30,9697,0.0007218727441477002,all3,13950,0.7227239839883038,0.7443754748092376,0.6946236559139785,umap,4253,0.26522454737832124,0.3048745519713262,11,exact_dedup_clean,0.722723983988304,0.7443754748092376
0.44965560425798373,0.542158530296606,0.41474236794842007,0.1846162290304481,0.09368206673765699,0.8313826965188249,0.7060010668470003,V_new,50,0.4470637098187755,1.81233444598997,0.4024728538661333,0.2938044383191438,4,15970,0.5503443957420162,all3,20214,0.5423794809991431,0.41493319615844654,0.35524883743939845,umap,4244,0.9974081055607917,0.20995349757593748,11,exact_dedup_clean,0.5423794809991431,0.4149331961584466
0.7248241912798875,0.7416868894828478,0.7600840739927361,0.4712738902613296,0.5435111104922221,0.8655733754442301,0.8052066844086863,V_new,50,0.7248241912798875,3.634040378226425,0.6490928346581417,0.7200063823272517,6,14220,0.2751758087201125,all3,20214,0.7418630878861928,0.7602268358578032,0.5098941327792619,umap,5994,1.0,0.2965271593944791,11,exact_dedup_clean,0.7418630878861929,0.760226835857803
0.7214071701622068,0.7869620867416185,0.8126193297776475,0.5353443237802793,0.5846417266480001,0.8512971756411452,0.871027341476047,V_new,50,0.7120613757696834,3.5559214003614925,0.7319989274111068,0.7618606739024454,8,19358,0.2785928298377932,all3,20214,0.7871536073083579,0.8127948409377949,0.690857821311962,umap,856,0.9906542056074766,0.04234688829524092,11,exact_dedup_clean,0.7871536073083579,0.8127948409377947
0.8243620208699246,0.864053482983823,0.8667234105424302,0.6547195552351088,0.6568001172970485,0.8832035833152753,0.8828497161694311,V_new,50,0.8243620208699246,5.693529411764707,0.8460023578796184,0.8514712801901844,10,19358,0.1756379791300754,all3,20214,0.8642028068167932,0.8668766388923487,0.7894528544573068,umap,856,1.0,0.04234688829524092,11,exact_dedup_clean,0.8642028068167932,0.8668766388923487
0.9154599224964307,0.8737290373603573,0.8902725077436419,0.7009179265942083,0.7194680146329717,0.850944940712163,0.8650867053511117,V_new,50,0.4453602547223443,6.268036981673469,0.8981078923519568,0.9172762455112892,12,19612,0.08454007750356929,all3,20214,0.8738905455150933,0.8904173919708668,0.8881962995943405,umap,602,0.5299003322259136,0.02978133966557831,11,exact_dedup_clean,0.8738905455150934,0.8904173919708668
0.9419233122578013,0.8860433463885186,0.9012329277652013,0.7072366351649684,0.7224900259027677,0.8402913833444859,0.8530062616620171,V_new,50,0.4701625149156087,9.095546305992027,0.9374687109824237,0.9556030111425099,15,19612,0.05807668774219865,all3,20214,0.8862240552112824,0.9013946399861662,0.9138715741565252,umap,602,0.5282392026578073,0.02978133966557831,11,exact_dedup_clean,0.8862240552112823,0.9013946399861661
0.9878130590339893,0.8796260629201433,0.9155292347825301,0.6800432347192147,0.7695266063690194,0.8141975215530647,0.8558045880738798,V_new,50,0.43794203581816815,36.93535383814411,0.95709420492898,0.9846276755983742,20,17888,0.012186940966010695,all3,20214,0.8798818601085763,0.9157075747414393,0.8741466310477887,umap,2326,0.45012897678417885,0.11506876422281587,11,exact_dedup_clean,0.8798818601085764,0.9157075747414393
0.9877845342517354,0.882053947268651,0.8976265854298985,0.6724538189459254,0.730305983156804,0.8005515618967788,0.8254737972402302,V_new,50,0.06319839078147171,6.173637426837373,0.9828130741972165,0.9841769030830433,25,18583,0.012215465748264598,all3,20214,0.8823686706319628,0.8978663619437293,0.9080835064806569,umap,1631,0.07541385652973631,0.08068665281488077,11,exact_dedup_clean,0.8823686706319628,0.8978663619437293
0.9873902899677813,0.8791493313746765,0.8888809108191446,0.6690299344739541,0.7013685098214473,0.7948616498931543,0.8113469289627869,V_new,50,0.03983151962420084,4.158797428523621,0.9844190250706516,0.9835986325220837,30,18002,0.012609710032218668,all3,20214,0.8795429989928774,0.8892077252399901,0.8793410507569012,umap,2212,0.05244122965641951,0.10942910853863659,11,exact_dedup_clean,0.8795429989928775,0.8892077252399901
0.5561493184634448,0.5321146774749074,0.4844149392135044,0.20661669637153615,0.17226636425250125,0.7828545582280925,0.6761156560801207,V_new,100,0.5561493184634448,2.2530099459082185,0.4032826538528947,0.3776492472161706,4,12912,0.44385068153655516,all3,20214,0.532335821872022,0.4846139167304027,0.35524883743939845,umap,7302,1.0,0.3612347877708519,11,exact_dedup_clean,0.532335821872022,0.48461391673040266
0.7126064045399271,0.6882076950273399,0.8519857817216709,0.3886763162661353,0.7090546242827332,0.8264189513706505,0.9683650037322057,V_new,100,0.7111282079397793,3.4744052030852406,0.5899209032397958,0.7608035945085908,6,14802,0.2873935954600729,all3,20214,0.6884249040371011,0.8521269428386792,0.5218165627782725,umap,5412,0.9985218033998522,0.26773523300682694,11,exact_dedup_clean,0.688424904037101,0.8521269428386792
0.7213699054703239,0.7870801271283109,0.812690565266021,0.5353757861911947,0.5846187287812847,0.8514350457968328,0.8711243282604879,V_new,100,0.7120131803241251,3.5554065921198994,0.7321009674301837,0.7619115185463131,8,19359,0.27863009452967613,all3,20214,0.787271543590038,0.8128660017909671,0.690857821311962,umap,855,0.9906432748538012,0.04229741763134461,11,exact_dedup_clean,0.787271543590038,0.812866001790967
0.8305834591162234,0.8650883550052009,0.8779105314740463,0.6595264059613583,0.6690489471346661,0.8832866786127119,0.8921766774169361,V_new,100,0.8305834591162234,5.9026113671274985,0.847909045558268,0.8643675337709891,10,19213,0.16941654088377656,all3,20214,0.8652363844942909,0.8780519720882429,0.7894528544573068,umap,1001,1.0,0.0495201345602058,11,exact_dedup_clean,0.865236384494291,0.8780519720882427
0.9166122141241518,0.8736608889292576,0.891522786076686,0.7008479115040649,0.7234944995839511,0.8508902514037766,0.8669421767997897,V_new,100,0.9166122141241518,11.992163954189277,0.8980250457381558,0.9178365337435935,12,19895,0.08338778587584816,all3,20214,0.8738224866392891,0.891663709130402,0.9021470268130999,umap,319,1.0,0.015781141782922725,11,exact_dedup_clean,0.8738224866392892,0.8916637091304019
0.9427049303915163,0.8860027418750684,0.9026195118017882,0.7072787101127909,0.7274954683497394,0.8402482727583751,0.8550169281540247,V_new,100,0.9427049303915163,17.45350877192981,0.9374316386471686,0.9561869906646774,15,19897,0.05729506960848374,all3,20214,0.8861835138582984,0.9027763853693266,0.9279212427030771,umap,317,1.0,0.015682200455130108,11,exact_dedup_clean,0.8861835138582984,0.9027763853693266
0.9883554755729635,0.8905937265989554,0.9117858959732291,0.6935625387845541,0.7442300370351062,0.8148356855721351,0.8491813687802978,V_new,100,0.7211336739075586,62.92899318697965,0.9824366597770045,0.984774351851161,20,18893,0.011644524427036451,all3,20214,0.8908215288263208,0.9119653464226118,0.9237657069357871,umap,1321,0.732778198334595,0.06535074700702484,11,exact_dedup_clean,0.8908215288263209,0.9119653464226118
0.9868115268417383,0.8556984283916308,0.9209950154367108,0.5976832533405916,0.8132887554449524,0.769392543550417,0.8666539177816088,V_new,100,0.7969381091202193,61.42686667038429,0.9647745913767537,0.9830489907908453,25,17212,0.01318847315826166,all3,20214,0.8560770895284537,0.9211892950935161,0.8402592262788167,umap,3002,0.810126582278481,0.14851093301672108,11,exact_dedup_clean,0.8560770895284536,0.9211892950935162
0.9877825618945102,0.8645878045613888,0.8939307496336507,0.6064486988634992,0.7289655066597899,0.7715314971392567,0.8194096147975926,V_new,100,0.7552244223596265,62.815285319126964,0.9842892066076109,0.9841296367003359,30,18580,0.012217438105489808,all3,20214,0.865020128275539,0.8942475589037028,0.907935094488968,umap,1634,0.7674418604651163,0.0808350648065697,11,exact_dedup_clean,0.865020128275539,0.8942475589037028
0.5565372394016895,0.5301875629684458,0.48500576863068645,0.20257695093632885,0.17263265835331246,0.7822267451242838,0.6760047841551957,V_new,200,0.5565372394016895,2.2549807759524643,0.4012411688953567,0.37835638063660987,4,12903,0.44346276059831047,all3,20214,0.5304099415570115,0.4851671931154579,0.35524883743939845,umap,7311,1.0,0.3616800237459187,11,exact_dedup_clean,0.5304099415570115,0.4851671931154579
0.7126064045399271,0.7118651090289193,0.8527586437198148,0.4259887472835004,0.7093505310506505,0.8465933232764882,0.9692559956668769,V_new,200,0.7126064045399271,3.479548660084627,0.6144280490108064,0.7614846130381625,6,14802,0.2873935954600729,all3,20214,0.7120644417569292,0.8528990688530108,0.5218165627782725,umap,5412,1.0,0.26773523300682694,11,exact_dedup_clean,0.7120644417569293,0.8528990688530109
0.7667600065887004,0.7875924717883813,0.835406636608361,0.535516253180401,0.6134081519952911,0.8520036413260444,0.8751340656487874,V_new,200,0.7627620055892002,4.27028823159042,0.7325659006376938,0.7994085063516131,8,18213,0.23323999341129964,all3,20214,0.7877834305474637,0.8355590690560768,0.690857821311962,umap,2001,0.9960019990004998,0.09899079845651529,11,exact_dedup_clean,0.7877834305474636,0.8355590690560769
0.8212815022236863,0.8356917881756213,0.8663006885869963,0.6137719231037073,0.6575152768913717,0.8559846082687382,0.8818746030884387,V_new,200,0.8212815022236863,5.595391705069123,0.8166840250071045,0.85153342858943,10,18213,0.17871849777631366,all3,20214,0.8358726185424415,0.8664384733777378,0.7399821905609973,umap,2001,1.0,0.09899079845651529,11,exact_dedup_clean,0.8358726185424415,0.8664384733777379
0.9303184845961698,0.8741471470452306,0.9149912684407977,0.7008097669147254,0.7495493821024612,0.8513992103424446,0.8905826770074563,V_new,200,0.5705990457184142,9.188671592625127,0.898483977633465,0.9410167756306843,12,19216,0.06968151540383016,all3,20214,0.8743081301870328,0.9151053609925591,0.8843870584743247,umap,998,0.6402805611222444,0.04937172256851687,11,exact_dedup_clean,0.8743081301870327,0.9151053609925591
0.9429317793630061,0.8869496724868179,0.9033695007779744,0.7081968914680878,0.7279658600139891,0.8411366457508112,0.8557641320162438,V_new,200,0.9429317793630061,17.522887323943653,0.9384417575104103,0.9569323435754421,15,19906,0.057068220636993905,all3,20214,0.8871289409876414,0.9035250936103979,0.9285643613337291,umap,308,1.0,0.015236964480063323,11,exact_dedup_clean,0.8871289409876413,0.9035250936103979
0.9877173850657177,0.8771487283660991,0.9266128045809445,0.6707467237193924,0.803831258229516,0.8108876031160593,0.8749988238792608,V_new,200,0.5617052030521026,46.73172781671388,0.9558238926761166,0.9850128766501285,20,17423,0.012282614934282288,all3,20214,0.8774106549702003,0.9267523514282016,0.85134065499159,umap,2791,0.5739878179863849,0.1380726229345998,11,exact_dedup_clean,0.8774106549702003,0.9267523514282017
0.9879946164199193,0.8962822362973575,0.9071006035877921,0.712134451460421,0.7629845650458933,0.8227012605827115,0.8411751570474493,V_new,200,0.031923841557198074,3.659127161098452,0.9849984088532581,0.9847871311727311,25,18575,0.012005383580080742,all3,20214,0.8965642316993787,0.9073336016484481,0.9078856238250718,umap,1639,0.043929225137278816,0.08108241812605126,11,exact_dedup_clean,0.8965642316993787,0.9073336016484483
0.9875286617079582,0.8874259473780252,0.9080408806870034,0.695605481273466,0.7849812424662476,0.8080557826052702,0.8431495095348205,V_new,200,0.04582270371395902,4.674241099144848,0.9849984088532578,0.9843685111764185,30,17881,0.012471338292041834,all3,20214,0.887796547279396,0.9083027559716305,0.8735529830810329,umap,2333,0.05829404200600086,0.11541505887009004,11,exact_dedup_clean,0.887796547279396,0.9083027559716305
0.47387387387387386,0.6787027985689622,0.6787027985689622,0.4458074459215283,0.4458074459215283,0.8854704213498195,0.8854704213498195,M_new_drop5_drop7,50,nan,nan,0.5508736087828627,0.5508736087828627,4,4440,0.5261261261261261,all3,4440,0.679199796492207,0.679199796492207,0.47387387387387386,umap,0,nan,0.0,11,exact_dedup_clean,0.679199796492207,0.679199796492207
0.6275470724787207,0.7586379982383774,0.7746643315054575,0.5505877454029623,0.5842022592819144,0.878122036901614,0.9106255836553061,M_new_drop5_drop7,50,0.62577087354444,2.680134125160522,0.6686657428647595,0.674832109312049,6,3877,0.37245292752127934,all3,4440,0.7592122614511727,0.7751949309495437,0.547972972972973,umap,563,0.9982238010657194,0.1268018018018018,11,exact_dedup_clean,0.7592122614511727,0.7751949309495438
0.7234234234234235,0.8361686145182233,0.8361686145182233,0.655038867634669,0.655038867634669,0.8919995006649881,0.8919995006649881,M_new_drop5_drop7,50,nan,nan,0.7878205344132503,0.7878205344132503,8,4440,0.2765765765765765,all3,4440,0.8366795354688256,0.8366795354688256,0.7234234234234235,umap,0,nan,0.0,11,exact_dedup_clean,0.8366795354688256,0.8366795354688256
0.7521483491632746,0.7953442946736353,0.795686479578164,0.6203501597307934,0.6212911506764929,0.7966744483505743,0.7969567526221445,M_new_drop5_drop7,50,0.08548168249660792,1.3448905109489053,0.7955625821602473,0.7959683441767627,10,4422,0.24785165083672545,all3,4440,0.7961181270448614,0.7964622417462227,0.7490990990990991,umap,18,0.33333333333333337,0.004054054054054054,11,exact_dedup_clean,0.7961181270448612,0.7964622417462226
0.763681592039801,0.7814071351080646,0.7816835164510937,0.5788359741880269,0.5794927243287858,0.761895746593453,0.762028666377453,M_new_drop5_drop7,50,0.09701492537313439,1.410526315789474,0.8040241047969637,0.804465690324162,12,4422,0.23631840796019898,all3,4440,0.7823932304830149,0.782672359490545,0.7605855855855855,umap,18,0.33333333333333337,0.004054054054054054,11,exact_dedup_clean,0.7823932304830149,0.7826723594905451
0.8163548163548163,0.782287608083395,0.7831715327840724,0.5663303337922314,0.5679542538629219,0.7263981134279027,0.7277074590675191,M_new_drop5_drop7,50,-0.06652806652806653,0.6377358490566039,0.8502843252205137,0.8506291425089196,15,4329,0.18364518364518367,all3,4440,0.7834741030628385,0.7843816981570138,0.7959459459459459,umap,111,0.11711711711711714,0.025,11,exact_dedup_clean,0.7834741030628384,0.7843816981570139
0.9153686396677051,0.7605608630913423,0.7933336615046036,0.5300251010007953,0.6098073644400579,0.6712668883651408,0.7087227865973272,M_new_drop5_drop7,50,0.6755727213003582,8.982534117941656,0.8817310311960904,0.9047418295819997,20,3852,0.0846313603322949,all3,4440,0.7622377831043193,0.7948251782935314,0.7941441441441441,umap,588,0.7602040816326531,0.13243243243243244,11,exact_dedup_clean,0.7622377831043194,0.7948251782935316
0.9161458333333333,0.7377407221495944,0.7667023162479399,0.45744820724369,0.5255760310017359,0.6306146533430976,0.6633514194937772,M_new_drop5_drop7,50,0.43281249999999993,6.161490683229812,0.8951845090801698,0.9142238660767116,25,3840,0.08385416666666667,all3,4440,0.7399616971543486,0.7688402637187208,0.7923423423423424,umap,600,0.5166666666666666,0.13513513513513514,11,exact_dedup_clean,0.7399616971543486,0.7688402637187208
0.9319342030629608,0.7210311942922597,0.7712786620768418,0.4291304968919412,0.5484252962266167,0.6031502435156003,0.6624319146200363,M_new_drop5_drop7,50,0.5807307019688689,9.53190189642596,0.9047963409877885,0.9299773932625109,30,3526,0.06806579693703918,all3,4440,0.7238030033783102,0.773729093547441,0.7400900900900901,umap,914,0.6487964989059081,0.20585585585585586,11,exact_dedup_clean,0.7238030033783102,0.7737290935474409
0.47387387387387386,0.6787027985689622,0.6787027985689622,0.4458074459215283,0.4458074459215283,0.8854704213498195,0.8854704213498195,M_new_drop5_drop7,100,nan,nan,0.5508736087828627,0.5508736087828627,4,4440,0.5261261261261261,all3,4440,0.679199796492207,0.679199796492207,0.47387387387387386,umap,0,nan,0.0,11,exact_dedup_clean,0.679199796492207,0.679199796492207
0.6301801801801802,0.7706035159267536,0.7706035159267536,0.5750650378014208,0.5750650378014208,0.8781423257970058,0.8781423257970058,M_new_drop5_drop7,100,nan,nan,0.6873856699501327,0.6873856699501327,6,4440,0.3698198198198198,all3,4440,0.7711423271501031,0.7711423271501031,0.6301801801801802,umap,0,nan,0.0,11,exact_dedup_clean,0.7711423271501032,0.7711423271501032
0.7234234234234235,0.8361686145182233,0.8361686145182233,0.655038867634669,0.655038867634669,0.891999500664988,0.891999500664988,M_new_drop5_drop7,100,nan,nan,0.7878205344132503,0.7878205344132503,8,4440,0.2765765765765765,all3,4440,0.8366795354688256,0.8366795354688256,0.7234234234234235,umap,0,nan,0.0,11,exact_dedup_clean,0.8366795354688255,0.8366795354688255
0.7528141511601194,0.7948495037328462,0.8042927427364045,0.619774490392687,0.6328886328894607,0.7960289640766319,0.8104524757434441,M_new_drop5_drop7,100,0.07465323161988957,1.302012562491988,0.7952215393473292,0.7997215182865038,10,4353,0.2471858488398806,all3,4440,0.795625046862181,0.805051238939024,0.738063063063063,umap,87,0.32183908045977017,0.019594594594594596,11,exact_dedup_clean,0.7956250468621809,0.805051238939024
0.762728868823677,0.7767535840222138,0.7930820813740378,0.572165536555359,0.5875427167734583,0.7583393370408296,0.774178670292216,M_new_drop5_drop7,100,0.6633911204793062,3.7959200817663783,0.7982043165158782,0.814913105933773,12,3987,0.23727113117632304,all3,4440,0.7777613314302424,0.7940237992469327,0.68490990990991,umap,453,0.9006622516556292,0.10202702702702703,11,exact_dedup_clean,0.7777613314302424,0.7940237992469326
0.8239336492890995,0.7809249258970797,0.7882769570368949,0.5641175635958797,0.5787022096033664,0.7239857028823538,0.731777954926996,M_new_drop5_drop7,100,0.1330245583800086,1.755536522696684,0.850395798085665,0.8570713904604801,15,4220,0.1760663507109005,all3,4440,0.7821158965939309,0.7894844796435421,0.7831081081081082,umap,220,0.3090909090909091,0.04954954954954955,11,exact_dedup_clean,0.7821158965939309,0.7894844796435422
0.8903406439570696,0.7493476583640687,0.7603217436926223,0.5118356117249329,0.5331881301981172,0.6559524259778206,0.6665898893718026,M_new_drop5_drop7,100,0.33189908551551117,4.026637192594642,0.8784471138070135,0.8893515736713876,20,4286,0.10965935604293042,all3,4440,0.751068415304305,0.7620245120876927,0.8594594594594595,umap,154,0.4415584415584416,0.034684684684684684,11,exact_dedup_clean,0.751068415304305,0.7620245120876927
0.922568710359408,0.7370528036400759,0.7716699285425229,0.4693020736717365,0.5428446639028293,0.6286573209881458,0.6683659593808513,M_new_drop5_drop7,100,0.5612882225545299,8.248855406642802,0.8971218030976673,0.9183582719781127,25,3784,0.07743128964059198,all3,4440,0.7392710785361548,0.7736686632437676,0.7862612612612613,umap,656,0.6387195121951219,0.14774774774774774,11,exact_dedup_clean,0.7392710785361548,0.7736686632437675
0.9335023950408565,0.7204168107073868,0.7616591695684439,0.4223471964794738,0.5073339985098316,0.6035867230409947,0.6481695302062741,M_new_drop5_drop7,100,0.6271050886435501,10.430491354220159,0.9019660783755687,0.9311126532456157,30,3549,0.06649760495914347,all3,4440,0.7232091083469283,0.764295142878389,0.7461711711711712,umap,891,0.6936026936026936,0.20067567567567568,11,exact_dedup_clean,0.7232091083469284,0.7642951428783891
0.47387387387387386,0.6787027985689622,0.6787027985689622,0.4458074459215283,0.4458074459215283,0.8854704213498195,0.8854704213498195,M_new_drop5_drop7,200,nan,nan,0.5508736087828627,0.5508736087828627,4,4440,0.5261261261261261,all3,4440,0.679199796492207,0.679199796492207,0.47387387387387386,umap,0,nan,0.0,11,exact_dedup_clean,0.679199796492207,0.679199796492207
0.6301801801801802,0.7706035159267536,0.7706035159267536,0.5750650378014208,0.5750650378014208,0.8781423257970058,0.8781423257970058,M_new_drop5_drop7,200,nan,nan,0.6873856699501327,0.6873856699501327,6,4440,0.3698198198198198,all3,4440,0.7711423271501031,0.7711423271501031,0.6301801801801802,umap,0,nan,0.0,11,exact_dedup_clean,0.7711423271501032,0.7711423271501032
0.7234234234234235,0.8361686145182233,0.8361686145182233,0.655038867634669,0.655038867634669,0.8919995006649881,0.8919995006649881,M_new_drop5_drop7,200,nan,nan,0.7878205344132503,0.7878205344132503,8,4440,0.2765765765765765,all3,4440,0.8366795354688256,0.8366795354688256,0.7234234234234235,umap,0,nan,0.0,11,exact_dedup_clean,0.8366795354688256,0.8366795354688256
0.7524864376130199,0.7949082351823005,0.7952669042673486,0.6199052727285145,0.6209324629377942,0.7960668283854568,0.7964106248964818,M_new_drop5_drop7,200,0.3774864376130199,2.525114155251142,0.7953006112391888,0.7956773461869416,10,4424,0.24751356238698008,all3,4440,0.7956835353518704,0.7960438166761479,0.7497747747747747,umap,16,0.625,0.0036036036036036037,11,exact_dedup_clean,0.7956835353518706,0.7960438166761479
0.7657453556864522,0.7840683752529423,0.784256131426903,0.5818609875815088,0.5817523242778916,0.7651678256438189,0.7650159260794089,M_new_drop5_drop7,200,0.15036074030183677,1.6418687695283438,0.8059791950658244,0.8065528641545626,12,4414,0.2342546443135478,all3,4440,0.785043461972288,0.7852354795253234,0.7612612612612613,umap,26,0.3846153846153846,0.005855855855855856,11,exact_dedup_clean,0.785043461972288,0.7852354795253234
0.818500350385424,0.7819964159382398,0.784512653585517,0.5654790826758149,0.5714813621590977,0.7255693218579296,0.7285732556730579,M_new_drop5_drop7,200,0.019758212020644095,1.1088608824457882,0.8507356743974925,0.852609158010833,15,4281,0.181499649614576,all3,4440,0.783183086800184,0.785726206783887,0.7891891891891892,umap,159,0.20125786163522008,0.03581081081081081,11,exact_dedup_clean,0.7831830868001841,0.785726206783887
0.9126449177675924,0.7509701826998071,0.7969011715042119,0.5105262539977602,0.6092836021272418,0.6637044097114504,0.7132979515495996,M_new_drop5_drop7,200,0.6554629752231327,8.503432639205556,0.8693043053590309,0.9066570396797178,20,3709,0.08735508223240762,all3,4440,0.7527173135756268,0.7984377500152644,0.7623873873873874,umap,731,0.7428180574555403,0.16463963963963965,11,exact_dedup_clean,0.7527173135756268,0.7984377500152644
0.9033624569764364,0.7287239924137769,0.7548485568466716,0.45618438680035756,0.5235512917851093,0.6222053837516764,0.6515110448539968,M_new_drop5_drop7,200,0.3136188672328466,4.245310853530033,0.8859448605522613,0.903832565868388,25,3777,0.09663754302356364,all3,4440,0.7310142527572389,0.7572048971075731,0.7684684684684685,umap,663,0.41025641025641024,0.14932432432432433,11,exact_dedup_clean,0.731014252757239,0.7572048971075732
0.928995756718529,0.7192625632431933,0.7720934058452604,0.4196465990653197,0.5384793906982234,0.6022162933411169,0.6637952452485802,M_new_drop5_drop7,200,0.7002664749505731,10.862318681076793,0.9014703699586141,0.9293012543725876,30,3535,0.07100424328147104,all3,4440,0.7220655180408543,0.7744235885305797,0.7396396396396396,umap,905,0.7712707182320442,0.20382882882882883,11,exact_dedup_clean,0.7220655180408543,0.7744235885305797
0.7651474530831099,0.7701001646822808,0.7701001646822808,0.5623926420797284,0.5623926420797284,0.8032260335081508,0.8032260335081508,G_new,50,nan,nan,0.7399969636441834,0.7399969636441834,4,3730,0.23485254691689006,all3,3730,0.7703161850397438,0.7703161850397438,0.7651474530831099,umap,0,nan,0.0,11,exact_dedup_clean,0.7703161850397439,0.7703161850397439
0.9993554624556881,0.8849681703471537,0.8947186035992599,0.8059868069205207,0.7713169790450741,0.7985158408090074,0.8123175811076396,G_new,50,0.24337460121166898,378.5956937799201,0.9928015672480234,0.9960796992341948,6,3103,0.0006445375443119294,all3,3730,0.8851226194328549,0.8948620534525455,0.8313672922252011,umap,627,0.2440191387559809,0.16809651474530832,11,exact_dedup_clean,0.8851226194328551,0.8948620534525455
0.9993512812195913,0.8240665894564471,0.8389475982638523,0.7086179130025051,0.6991330969619143,0.704765154797057,0.7249635382169237,G_new,50,0.2667392255781693,412.17851622872433,0.9928826536472526,0.9963040128335922,8,3083,0.0006487187804087302,all3,3730,0.8243748716457918,0.8392467305187266,0.826005361930295,umap,647,0.26738794435857804,0.1734584450402145,11,exact_dedup_clean,0.8243748716457917,0.8392467305187264
0.9986017897091722,0.7509667494009572,0.7526661033975454,0.5253972501726389,0.5316099389341203,0.6042164336000824,0.6064688450743676,G_new,50,-0.0013982102908277616,0.0,0.993653892840145,0.9935889181545207,10,3576,0.0013982102908277616,all3,3730,0.7514777656610669,0.7531987125963069,0.957372654155496,umap,154,0.0,0.04128686327077748,11,exact_dedup_clean,0.7514777656610668,0.753198712596307
0.9984379881287098,0.7122047354337854,0.7215536744792445,0.4496493766107094,0.46166483475412473,0.5558173550284169,0.5676241400565936,G_new,50,0.39163269512303867,251.72325141776702,0.9937088444603098,0.9927583508737926,12,3201,0.0015620118712902364,all3,3730,0.7128896843157795,0.7222762476176474,0.8568364611260053,umap,529,0.3931947069943289,0.1418230563002681,11,exact_dedup_clean,0.7128896843157795,0.7222762476176473
0.998575904300769,0.6722454751743748,0.6740407513754912,0.3731654293785271,0.3810415786611315,0.5088774124843205,0.5110366859182031,G_new,50,-0.001424095699230965,0.0,0.9941855679633685,0.99403601321072,15,3511,0.001424095699230965,all3,3730,0.6731834739270408,0.6750356579699485,0.9399463806970509,umap,219,0.0,0.05871313672922252,11,exact_dedup_clean,0.6731834739270407,0.6750356579699486
0.9982911825017088,0.6356329043834269,0.6491538708990009,0.30964462018235134,0.3308230147143077,0.4685737981306114,0.48379191724838,G_new,50,0.21470909294946994,126.6477611940274,0.9943486443482348,0.9928694017475318,20,2926,0.0017088174982912152,all3,3730,0.6369793878598102,0.6505786875697532,0.7831099195710456,umap,804,0.21641791044776115,0.21554959785522787,11,exact_dedup_clean,0.6369793878598101,0.6505786875697531
0.9982499124956248,0.6014912146616237,0.6130172297889009,0.24997164588225754,0.2663225516064444,0.4329628982081213,0.4454921913882794,G_new,50,0.16778026759299014,96.86964490263452,0.9943510355309755,0.9927517014068071,25,2857,0.0017500875043752195,all3,3730,0.6032549616494297,0.6150043579947572,0.7646112600536193,umap,873,0.16953035509736536,0.23404825737265417,11,exact_dedup_clean,0.6032549616494297,0.6150043579947573
0.9989281886387996,0.5700535204962877,0.592841297319492,0.19089862597147603,0.22916335339481558,0.40168521471030894,0.42463609755043896,G_new,50,0.2846424743530853,266.57142857144044,0.9944726534808236,0.9952428089049599,30,2799,0.001071811361200381,all3,3730,0.5722346597588188,0.5952845986613924,0.749597855227882,umap,931,0.2857142857142857,0.24959785522788203,11,exact_dedup_clean,0.5722346597588189,0.5952845986613924
0.7651474530831099,0.7701001646822808,0.7701001646822808,0.5623926420797284,0.5623926420797284,0.8032260335081508,0.8032260335081508,G_new,100,nan,nan,0.7399969636441834,0.7399969636441834,4,3730,0.23485254691689006,all3,3730,0.7703161850397438,0.7703161850397438,0.7651474530831099,umap,0,nan,0.0,11,exact_dedup_clean,0.7703161850397439,0.7703161850397439
0.999195710455764,0.8871828249740765,0.8871828249740765,0.8074425843449391,0.8074425843449391,0.8004966860559444,0.8004966860559444,G_new,100,nan,nan,0.9953046057220428,0.9953046057220428,6,3730,0.0008042895442359477,all3,3730,0.8873342971124373,0.8873342971124373,0.999195710455764,umap,0,nan,0.0,11,exact_dedup_clean,0.8873342971124374,0.8873342971124374
0.999348321928967,0.825927173491253,0.8405606434346621,0.7095684561863158,0.7031607239996844,0.7062189839662689,0.7273815138603563,G_new,100,0.26107298153562364,401.61649016639205,0.9953854867390382,0.9962870850800108,8,3069,0.0006516780710329462,all3,3730,0.8262321111653402,0.8408586298207447,0.8222520107238606,umap,661,0.2617246596066566,0.1772117962466488,11,exact_dedup_clean,0.8262321111653401,0.8408586298207447
0.9991537376586742,0.7548097217144409,0.7529063422595618,0.5331475739494183,0.5293656709018325,0.6083195921095258,0.60597113669669,G_new,100,-0.0008462623413257875,0.0,0.9959845138516127,0.9957842708248796,10,3545,0.0008462623413257875,all3,3730,0.75531427110652,0.7534440322946887,0.9495978552278821,umap,185,0.0,0.049597855227882036,11,exact_dedup_clean,0.7553142711065202,0.7534440322946888
0.9990281827016521,0.7193898516401701,0.7241132132806773,0.4641531623223323,0.4694738064837533,0.5638420831281322,0.5700011170474706,G_new,100,0.1327762386892104,137.6267496111929,0.996028118248261,0.9952573977739012,12,3087,0.0009718172983479434,all3,3730,0.7200632059664298,0.7248615140683299,0.8268096514745308,umap,643,0.13374805598755835,0.17238605898123324,11,exact_dedup_clean,0.7200632059664298,0.7248615140683299
0.999054820415879,0.6736132177929379,0.6852689299622499,0.37383018619716757,0.40050803915699196,0.5099385960855909,0.523634147409015,G_new,100,0.3084073384014905,327.2949640287738,0.9960848328024202,0.9954919626124333,15,3174,0.000945179584120992,all3,3730,0.6745474093938383,0.68628085799635,0.8501340482573726,umap,556,0.3093525179856115,0.14906166219839143,11,exact_dedup_clean,0.6745474093938383,0.68628085799635
0.9989973262032086,0.6323363489636233,0.6497635640108015,0.29563413866568927,0.33138525779797323,0.46460755109507273,0.48385976848668294,G_new,100,0.10333336956364214,104.05781391147487,0.996226380069257,0.9955075575569298,20,2992,0.00100267379679142,all3,3730,0.6336850327831275,0.6512054820278474,0.8013404825737266,umap,738,0.10433604336043356,0.19785522788203752,11,exact_dedup_clean,0.6336850327831275,0.6512054820278474
0.9989495798319328,0.601792760934087,0.608422019177664,0.24823863614642896,0.2524392179852848,0.4329085315438083,0.4403164958826517,G_new,100,0.14883516335596025,142.69107551487465,0.9962575191924344,0.9952164850955871,25,2856,0.0010504201680672232,all3,3730,0.6035525115516054,0.610519216442274,0.7648793565683646,umap,874,0.14988558352402748,0.23431635388739946,11,exact_dedup_clean,0.6035525115516054,0.6105192164422741
0.9988394584139265,0.5735440170600729,0.5801929355086676,0.1988641502183771,0.21176561822932882,0.4047867614262239,0.41217179206985605,G_new,100,0.39971282085934134,345.41921397380463,0.9965172818939249,0.9950253130155291,30,2585,0.0011605415860734825,all3,3730,0.5757166050664819,0.5828911457227521,0.692225201072386,umap,1145,0.4008733624454148,0.306970509383378,11,exact_dedup_clean,0.575716605066482,0.5828911457227521
0.7651474530831099,0.7701001646822808,0.7701001646822808,0.5623926420797284,0.5623926420797284,0.8032260335081508,0.8032260335081508,G_new,200,nan,nan,0.7399969636441834,0.7399969636441834,4,3730,0.23485254691689006,all3,3730,0.7703161850397438,0.7703161850397438,0.7651474530831099,umap,0,nan,0.0,11,exact_dedup_clean,0.7703161850397439,0.7703161850397439
0.9985380116959064,0.8773325428580714,0.9009594700575679,0.781858350071763,0.8057505405905414,0.7861357940902243,0.8254260095490114,G_new,200,0.5146670439539709,353.0322580645061,0.9928826536472526,0.9920041694662954,6,3420,0.0014619883040936088,all3,3730,0.8774957835384667,0.9010811557032575,0.9155495978552279,umap,310,0.5161290322580645,0.08310991957104558,11,exact_dedup_clean,0.8774957835384667,0.9010811557032575
0.9986577181208054,0.8058432018696214,0.8058597803962986,0.6425517143594496,0.6426662884562948,0.6783664045836197,0.6783934398450552,G_new,200,-0.0013422818791946067,0.0,0.9933254005047971,0.9933190589985503,8,3725,0.0013422818791946067,all3,3730,0.8061756102063126,0.8061926123825935,0.9973190348525469,umap,5,0.0,0.0013404825737265416,11,exact_dedup_clean,0.8061756102063126,0.8061926123825935
0.9985903580490555,0.7532541894550815,0.7515045675977841,0.5326911410795251,0.5295419919023368,0.6071281535359568,0.6050039284466305,G_new,200,-0.0014096419509445068,0.0,0.9937802927833801,0.993509488870144,10,3547,0.0014096419509445068,all3,3730,0.7537620225131152,0.7520451654692951,0.9495978552278821,umap,183,0.0,0.04906166219839142,11,exact_dedup_clean,0.7537620225131151,0.7520451654692951
0.9984912492456246,0.7179965418978815,0.7227507373660405,0.46385218267634454,0.46644853938432995,0.5628207611664149,0.568951641114263,G_new,200,0.20281817232254773,135.42788461538274,0.9938967587918285,0.9931239382276258,12,3314,0.0015087507543753986,all3,3730,0.7186733920988494,0.7234470623022248,0.8871313672922252,umap,416,0.20432692307692313,0.11152815013404825,11,exact_dedup_clean,0.7186733920988494,0.7234470623022248
0.9984563136770608,0.6723838128970465,0.6847999559760302,0.3734831122678943,0.4007959858940434,0.5090152046288839,0.5236334250204686,G_new,200,0.35487179229213206,230.8859470468371,0.9942619290182743,0.9934495329156553,15,3239,0.0015436863229392195,all3,3730,0.6733215425502956,0.6857942458378236,0.8670241286863271,umap,491,0.3564154786150713,0.13163538873994637,11,exact_dedup_clean,0.6733215425502955,0.6857942458378236
0.9985925404644617,0.6304654825626669,0.6603402790191546,0.2963966141317193,0.3560790446478163,0.4630171933173228,0.4959563021624502,G_new,200,0.277871819743741,198.42792792793043,0.9943170492214183,0.9940510039198158,20,2842,0.0014074595355383357,all3,3730,0.6318192161546287,0.6617495874717857,0.760857908847185,umap,888,0.2792792792792793,0.23806970509383377,11,exact_dedup_clean,0.6318192161546285,0.6617495874717857
0.9986038394415357,0.5976490389611915,0.6162172242190193,0.240155390412084,0.2715105086113534,0.42901908155663665,0.44860076677847377,G_new,200,0.26449979319876116,190.44797687860847,0.9943536938740883,0.9939919952835297,25,2865,0.0013961605584642545,all3,3730,0.599416703553598,0.6182002058827621,0.7670241286863271,umap,865,0.2658959537572254,0.23190348525469168,11,exact_dedup_clean,0.599416703553598,0.6182002058827621
0.9989067055393586,0.5720734738201056,0.590663816982975,0.1965406295911993,0.22718973790309596,0.4036529812962254,0.4224637585389062,G_new,200,0.3974868272432125,364.5679513184461,0.9946154898797438,0.9955400478540288,30,2744,0.0010932944606414363,all3,3730,0.5742523928837682,0.5931995224501831,0.7348525469168901,umap,986,0.39858012170385393,0.264343163538874,11,exact_dedup_clean,0.5742523928837682,0.5931995224501833
