dataset,duplicate_group_id,kept_file,kept_pixels,removed_file,removed_pixels,sha256
V_new,1,7_1591.jpg,65536,7_814.jpg,65536,2aeb7479e975df37dfb54aa7b403f57f2ad90b018c37809e572a2a932f55d2a7
V_new,2,7_1417.jpg,65536,7_449.jpg,65536,375eee7b5da77c7afdd73d089574bee3148d04cbe266ee070ee4774d26aca750
V_new,3,7_1895.jpg,65536,7_692.jpg,65536,3a60a7b6f3a287981d21dca37f27e5480cc46d1144688d435e53db7a47b7006f
V_new,4,7_1328.jpg,65536,7_1581.jpg,65536,4913a3835e692530e507d542caccacc0d0a7b2fd708782cdec6236a1a0dbbcd6
V_new,5,7_1519.jpg,65536,7_775.jpg,65536,6e1610d4e0f6f84108af112322d11779254b2b2d41958449c64b0bf938628444
V_new,6,7_1046.jpg,65536,7_1193.jpg,65536,7ff8410db407008bb9aecf0cc5505f2b47ffd89e508413a30ea983b4bc169714
V_new,7,7_148.jpg,65536,7_482.jpg,65536,90220c67ab2c3ed150e93f0c26691d463200e784c74152e62acedac8a4d2d525
V_new,8,7_678.jpg,65536,7_691.jpg,65536,a05e573ae6c4a28b077b8c9d01249be849f4f8e1790b2625b42c6bc01098f718
M_new_drop5_drop7,1,6_120.jpg,2560000,6_41.jpg,2560000,025e9aec105ed86441a0f48ce75a7a3c69416bdf064fa354613eb2993a46e885
M_new_drop5_drop7,2,5_56.jpg,2560000,5_85.jpg,2560000,0281ebbae69b28522d55919e4235af14bad502a96afc393277b08bf37bb2da7b
M_new_drop5_drop7,3,6_139.jpg,2560000,6_317.jpg,2560000,03afc1fef6927b6adf3e3fbade702a9c3f1401440a5bcdef5bc7e7ebc92091c4
M_new_drop5_drop7,4,2_188.jpg,160000,2_398.jpg,160000,0707e499c914856928f781f771b142bb9ca59e582c0702250cf3b7dd0fb0b81c
M_new_drop5_drop7,5,5_175.jpg,2560000,5_64.jpg,2560000,08372cc786ded0aac877c30388312c19c5cad85a598b42c54422d0696cadfd93
M_new_drop5_drop7,6,5_106.jpg,2560000,5_241.jpg,2560000,0996b3c08a27ce9ed9933524a011678fe1f16b17afec2e430aa75910a77b83a2
M_new_drop5_drop7,7,5_16.jpg,2560000,5_220.jpg,2560000,0a2ef9451b568a713b282be304e4102d102e7c508d84c973c35bc7ecdc739cd0
M_new_drop5_drop7,8,5_216.jpg,2560000,5_256.jpg,2560000,0a7a8b69bfc5369f5d94b77cdc1e95d9635fc45a7f19f8c8cf187a0e3ac12dc5
M_new_drop5_drop7,9,6_207.jpg,2560000,6_69.jpg,2560000,0c94627eee88188b6a54573b2f5c4abda88c5d76ff32e0ce3143157df10f1493
M_new_drop5_drop7,10,4_6.jpg,2250000,4_7.jpg,2250000,0f4656f45581f3439cb4688e2245a5312ef524ab9103b57b1148065434aab583
M_new_drop5_drop7,11,6_294.jpg,2560000,6_346.jpg,2560000,1210872855caf3cece8f5cfa74aae42251ff545d5258ca9123f2621659bd45fd
M_new_drop5_drop7,12,5_252.jpg,2560000,5_29.jpg,2560000,121bc59392a8e6ea60a210d007526ecb35251a11a58a7814ed88a673af99f8ff
M_new_drop5_drop7,13,5_11.jpg,2560000,5_54.jpg,2560000,134e5790a52ae15ed695485bbd1a35abfd3f1fd783e0200e1ffbfef5ca931f02
M_new_drop5_drop7,14,5_40.jpg,2560000,5_5.jpg,2560000,13e17712a71da5f6423b1534b549a4d78b80732be96a1e2af7aa5182128afa40
M_new_drop5_drop7,15,5_243.jpg,2560000,5_354.jpg,2560000,1903483483f471cb9517d2d338b85bd7c1b54e70ea7c8e4ef337b5a320207c79
M_new_drop5_drop7,16,5_366.jpg,2560000,5_97.jpg,2560000,194658a706fd227e3f3cf0808bdb233c7cb67a0a2ded4fafa46dc0926c90fa29
M_new_drop5_drop7,17,5_181.jpg,2560000,5_37.jpg,2560000,1eadbd1700d72918699069c51fddf54bc1d91c52b19144cfd0071327b235a4e8
M_new_drop5_drop7,18,5_17.jpg,2560000,5_249.jpg,2560000,20f6fc6179c845756f037e808465dd342a0cb28dcec7219359b6924b6e9ab0f7
M_new_drop5_drop7,19,6_132.jpg,2560000,6_61.jpg,2560000,2356c34ab535e2f1f582e596629501ed732d3ad409f5a5b82c99d55db8af5f39
M_new_drop5_drop7,20,2_111.jpg,160000,2_141.jpg,160000,24b2871f4e1771b644d4619fcf963a28cf85a1a50b4def46b1f18a7e51fb3ccc
M_new_drop5_drop7,21,5_174.jpg,2560000,5_183.jpg,2560000,24b28da675511d63f3e955756746d87054dbb991d27f9b89f20a05889bfb20bd
M_new_drop5_drop7,22,5_15.jpg,2560000,5_60.jpg,2560000,25103585baec285dfdcd69909fd41cdae525e02d19667f7cd5e99a021cfda3fe
M_new_drop5_drop7,23,5_23.jpg,2560000,5_66.jpg,2560000,27bf949ba719795ab9a8408c5f31c9011b4ccfc52247b1e803faa8a0aed9b460
M_new_drop5_drop7,24,6_219.jpg,2560000,6_322.jpg,2560000,281625b1216d954c04c339bed02480cb5f5360ff03e2e0d37fed5f69f92269a8
M_new_drop5_drop7,25,5_30.jpg,2560000,5_73.jpg,2560000,28e5d2ec8b31155d962ef8c7b06e70f867c74d20bbc6dc3dc064807af9328954
M_new_drop5_drop7,26,5_242.jpg,2560000,5_342.jpg,2560000,2a3ed315de36bf466710d1e1d183de803e3fbb0be01800e1a3b7a2ebc706162b
M_new_drop5_drop7,27,5_21.jpg,2560000,5_63.jpg,2560000,2b9781bdcb9584ae510336b788d7e6af0b37fa42aaa29c468827faea3c6330d5
M_new_drop5_drop7,28,6_299.jpg,2560000,6_363.jpg,2560000,2c0e0b03f78b7026fc9292f4588bd7281c06207837e975dcdd5b484bd8e7dfb2
M_new_drop5_drop7,29,5_177.jpg,2560000,5_75.jpg,2560000,2c3858101559cbff51e5c42152356e3787495da31a5a093523c4417767901f53
M_new_drop5_drop7,30,6_136.jpg,2560000,6_14.jpg,2560000,2d7619132c7ba51651131b414eb3051e115c0d0066c7b60ef9fdb5afea374c7d
M_new_drop5_drop7,31,5_27.jpg,2560000,5_70.jpg,2560000,2d9b924f99a188bd6914dc6f99c8faa2780559ce5a79a035140a1f4546d36878
M_new_drop5_drop7,32,6_134.jpg,2560000,6_21.jpg,2560000,2f1bff0871ed9f6ce2a5dbb958d4a9530df1aeb2173dffab94f9a6bd3135716a
M_new_drop5_drop7,33,5_103.jpg,2560000,5_228.jpg,2560000,39385106e3dc96a60dab9d6d8bd7460995f45c48c48dd8ef82503747fa78b50a
M_new_drop5_drop7,34,5_107.jpg,2560000,5_247.jpg,2560000,400a26dc815cffda8d0753571993c55f43945546610037457f0fa0023c8c7984
M_new_drop5_drop7,35,6_128.jpg,2560000,6_351.jpg,2560000,4734b7e516277e3ece5bb184c40a8e2aea686740b6224b2928c6db5a5f4b30ab
M_new_drop5_drop7,36,5_218.jpg,2560000,5_259.jpg,2560000,47bd64b5c8bc06a68a3fb6b7159e087e99b7032641fceff5ab659db27d18702b
M_new_drop5_drop7,37,5_104.jpg,2560000,5_95.jpg,2560000,486cb5e8a2d6aa80778e603536da72bbcdd5f4322a3654cce93101e20d8f7804
M_new_drop5_drop7,38,5_0.jpg,2560000,5_33.jpg,2560000,4c26c0e7607ec51bae6715e1c8e2fdc2c552a57850ef421bb87183fc2248d0fc
M_new_drop5_drop7,39,5_32.jpg,2560000,5_74.jpg,2560000,4cccff22672cf3bddf9e422beea6799bccfae6028e9a50f1817884275f2e51da
M_new_drop5_drop7,40,6_181.jpg,2560000,6_204.jpg,2560000,4d1a75ae1921bab4946678249874b5f5adb1e92710631d07a68f5ca21dc2d46e
M_new_drop5_drop7,41,6_304.jpg,2560000,6_355.jpg,2560000,4dfc0addc88877e2188983d441ae058a5d74a04fd222fceda1e9f985917354f1
M_new_drop5_drop7,42,5_240.jpg,2560000,5_279.jpg,2560000,4f88d7936dd9c392dc4d71f72ad5d6eabb9a1a34cf6adb8eab87db2942127163
M_new_drop5_drop7,43,6_129.jpg,2560000,6_298.jpg,2560000,4fc712f9ed57111f0906958c8744b3c337f4f66660c05b774e62acde984b22f4
M_new_drop5_drop7,44,5_245.jpg,2560000,5_391.jpg,2560000,516cc71965fd509568c0be24b915ae84e327600ba42607ca18b1755590625526
M_new_drop5_drop7,45,6_124.jpg,2560000,6_369.jpg,2560000,55b5ea3925ed266fbf9d3439bc52a677216c581683f4c130515f321ace78e9a2
M_new_drop5_drop7,46,5_34.jpg,2560000,5_57.jpg,2560000,5a39a817df4430f377fb3c72c9a111cbf5f1303c7f2f8ddac1ffda30d0c7cdab
M_new_drop5_drop7,47,5_171.jpg,2560000,5_42.jpg,2560000,5a5ad53e590a959be7d5a51ad0e80093b7d8468fca76635a6f6680423aef86d8
M_new_drop5_drop7,48,6_11.jpg,2560000,6_22.jpg,2560000,5cd7e4c425ef21f28964b5abd246571ce546d4eb1fc2fef3d356dbaaf882f619
M_new_drop5_drop7,49,6_106.jpg,2560000,6_315.jpg,2560000,5d4ef19626eb9da9923a4e905fce75be0b5a59e65a8f5b1bad2671d1d547b428
M_new_drop5_drop7,50,5_172.jpg,2560000,5_48.jpg,2560000,608c7ad8b3690fa745290372cdca7d70a9b0e4acba7ebf48c4871b8bbad75df5
M_new_drop5_drop7,51,5_14.jpg,2560000,5_58.jpg,2560000,62cb664c9bd9f3bcc90d287b4e6054564bd077a752965d2dac459d702a401692
M_new_drop5_drop7,52,5_12.jpg,2560000,5_55.jpg,2560000,638f776ebd39e4cacae9a097a2728f26866a9d4898b62efc1a4d9cc56165c0d3
M_new_drop5_drop7,53,4_42.jpg,2250000,4_43.jpg,2250000,64e3f7b7cd9df71a1bb3d71701b58bb1179f6d8281105af239e0f82e3af9ce13
M_new_drop5_drop7,54,6_165.jpg,2560000,6_321.jpg,2560000,68c49cccb88f21e03f569d95f344d68765a3c6b33e7da73552100bfb5952e525
M_new_drop5_drop7,55,4_145.jpg,2250000,4_147.jpg,2250000,68f50f18bb917da7969d8675d67da3a826d562ca4c5aedcae58dff38351d9850
M_new_drop5_drop7,56,6_151.jpg,2560000,6_330.jpg,2560000,6cc46eb7f92595f5693e63c7a7661bdf5bdbd035c2887d5185fc4b8e518eb89e
M_new_drop5_drop7,57,6_366.jpg,2560000,6_90.jpg,2560000,702742e480b0360562ee1020a220c47085f6928120fb118d1b2c4c5bed05d430
M_new_drop5_drop7,58,6_105.jpg,2560000,6_356.jpg,2560000,710ce93bcbb29c70a11df92e15520047570ba3a4907b6495aaafc7d437dca31d
M_new_drop5_drop7,59,5_231.jpg,2560000,5_324.jpg,2560000,77b7027c8586ef8ea8ac514d03891cdf872c1a51cfff8f091b474c36bb2319d8
M_new_drop5_drop7,60,6_194.jpg,2560000,6_318.jpg,2560000,77dcd654aac5107bef2acc14ae507c810e8f62e4221f3f4cc8f9dc0aaceba064
M_new_drop5_drop7,61,5_43.jpg,2560000,5_6.jpg,2560000,788ce17ab5b4ff92beaba61890394d2b86545eafd4c799a9bc984808281cfca9
M_new_drop5_drop7,62,5_28.jpg,2560000,5_71.jpg,2560000,78e1fd4a629f7a7fbfeee0f7d8d3d42224306de8bccb182fcf6d28195c984bf9
M_new_drop5_drop7,63,5_51.jpg,2560000,5_9.jpg,2560000,7f259255a89e105295410a9422a569e23d4e04bc9a4920dcc1ba2caef80e9774
M_new_drop5_drop7,64,5_215.jpg,2560000,5_255.jpg,2560000,804f084bfabc74aa6af28b9c26a329404c4706cd354a16c430683568c54a09eb
M_new_drop5_drop7,65,5_254.jpg,2560000,5_87.jpg,2560000,80524755c3a79623fc6281282692bf965f828b356f029054e9e5b5970d5e4ef1
M_new_drop5_drop7,66,5_253.jpg,2560000,5_41.jpg,2560000,83b6ea4a229249502b962a42d4db8511e366c0a3929d9e0c88a1bf1f4297846b
M_new_drop5_drop7,67,6_144.jpg,2560000,6_153.jpg,2560000,858b4f7a780c9a27bef809a8e2cae42fd3fd8d92b01300ae6a227b1ab255c131
M_new_drop5_drop7,68,5_217.jpg,2560000,5_258.jpg,2560000,878733e7e1a74ccfbc72cd349f78aa6cdeec2ff55ac64ab5ae64fb14d74c634b
M_new_drop5_drop7,69,5_260.jpg,2560000,5_91.jpg,2560000,87bc71a8f20c9c6ec8769814cb3e979dd7a06fff75fa9920baa36d87aae83b35
M_new_drop5_drop7,70,5_170.jpg,2560000,5_180.jpg,2560000,88aab13144c83e44cb0882725284e93f18b48503960b459e0be5866e558a3ee4
M_new_drop5_drop7,71,2_19.jpg,160000,3_90.jpg,160000,8a3c934608602f5b697fd8a05cd75f6e077da9930d88d612aa2e6b59ab44fd66
M_new_drop5_drop7,72,6_107.jpg,2560000,6_368.jpg,2560000,8a73cdb1edb7e131924fabe2a32e433b1f7da5ac783b36d8cc8394617acf0b6e
M_new_drop5_drop7,73,6_104.jpg,2560000,6_350.jpg,2560000,8cddfc3faf3b34a30d997fc22099cc0af5b8927dfdf1686e41a1487de26101a8
M_new_drop5_drop7,74,6_5.jpg,2560000,6_70.jpg,2560000,8e6413f7ab329747ef1716aad028d233f873595a497951ff003dd20b72dacc15
M_new_drop5_drop7,75,5_112.jpg,2560000,5_236.jpg,2560000,90edc39e4d08c6296e56a1f765fdfdae06049aca7341b4ef5cdabe66122f3f5e
M_new_drop5_drop7,76,7_141.jpg,160000,7_154.jpg,160000,925c6a4a812377a16343d981a943c3705053ebcb88bca5ee8b770abc8d72fd8a
M_new_drop5_drop7,77,5_244.jpg,2560000,5_378.jpg,2560000,92e81d0fc3568eb16dd42301c6b14c8194988f5feafb0a62a96d97ef9c77d404
M_new_drop5_drop7,78,5_10.jpg,2560000,5_52.jpg,2560000,9349f4e7569fff426dae7a75ef00bac0468aec8c72ea4fbe4390f878b355413f
M_new_drop5_drop7,79,6_325.jpg,2560000,6_333.jpg,2560000,94aa51a6f254456ad8a3f65529a030f0d2b665e950827aea73f4a2428346aea2
M_new_drop5_drop7,80,5_19.jpg,2560000,5_61.jpg,2560000,96a9129a6f64e3b9079a80ee1fca68640b584fbaaa37058c1933c2ba410c5b35
M_new_drop5_drop7,81,5_214.jpg,2560000,5_99.jpg,2560000,9c327d8542bee5d468e6e045bddd736f181528baef1e803002a7275d5598182d
M_new_drop5_drop7,82,6_13.jpg,2560000,6_337.jpg,2560000,9db7975b315ff462b9013a40cb1ff293eb0c4de5c6ea5226a1749bcf2b95fbe9
M_new_drop5_drop7,83,6_15.jpg,2560000,6_9.jpg,2560000,a21a7e7423e7685964a67c408c8759bdab7e79e98b3c0d73a527312c4c2b55e7
M_new_drop5_drop7,84,6_147.jpg,2560000,6_154.jpg,2560000,a64dc231604f851b424367445f349d79136211fd87c73566aa054f7a31cb53d0
M_new_drop5_drop7,85,2_31.jpg,160000,2_72.jpg,160000,a862d12faaa083de11ac467463beb28ed23f234b7d4393d4addcd266708119a7
M_new_drop5_drop7,86,5_36.jpg,2560000,5_44.jpg,2560000,a92c27e411adf8c05569d458e16cf08f1d45e7902cc36cfab4641f04029dc796
M_new_drop5_drop7,87,5_219.jpg,2560000,5_261.jpg,2560000,ab1a33a59418ecba6bc3e6a3c916f0284add73d552939b1cb2745bb3dd86d211
M_new_drop5_drop7,88,6_300.jpg,2560000,6_67.jpg,2560000,adac3dc7361aab40cb96438c1a771de64644208e606d86d23ec6cc05f4d34824
M_new_drop5_drop7,89,6_123.jpg,2560000,6_331.jpg,2560000,aedce62e7bfee63427a5c1dfd9fb3291c232aef965e349eba1b8a3c78b9bbf6c
M_new_drop5_drop7,90,5_248.jpg,2560000,5_4.jpg,2560000,b2024f2a329be6e40f810d8256dbe4cb5b0398d05d9a22253bce772cfc74ef04
M_new_drop5_drop7,91,5_139.jpg,2560000,5_93.jpg,2560000,b3e8338ae9bf7511d50c3cdfaef2855f42788aea700cf548873a0204a6530fc1
M_new_drop5_drop7,92,6_320.jpg,2560000,6_65.jpg,2560000,b7677b36e4b09c9bcdd63bcd5f3bb07993820de57dc5050117804bf56da84920
M_new_drop5_drop7,93,5_26.jpg,2560000,5_69.jpg,2560000,b83ddf784829ab320eb7f08d1c2b00b6b54a4e1bc55a6f5fab2eacb0d2124d14
M_new_drop5_drop7,94,6_121.jpg,2560000,6_163.jpg,2560000,b8da2383766ee33a302f835494c9cfab1f8197d60f2b1b0e104daa7e608df9e0
M_new_drop5_drop7,95,2_21.jpg,160000,3_124.jpg,160000,b96473f6eb1d565ba262f975ac7c4ad30b451afb82d083e259637265970f178a
M_new_drop5_drop7,96,5_173.jpg,2560000,5_49.jpg,2560000,b9f2dc40d0ff4170d1b3fd578ef483d389a9b9e3bc9dc2e3b2f4e7b64113bcd2
M_new_drop5_drop7,97,6_10.jpg,2560000,6_20.jpg,2560000,ba6780b2aecedd4941b1a875075de862bbfb97226346b89300b341590789fc9e
M_new_drop5_drop7,98,6_180.jpg,2560000,6_202.jpg,2560000,be1cdbd94eccc63803d240f4e271b8fa3d255eef48a1506c18f48ae0643096f8
M_new_drop5_drop7,99,5_264.jpg,2560000,5_92.jpg,2560000,bf4b1c8a214f3d50345b919f6c181628152218fd234f7f36b9d6023f2733f5e6
M_new_drop5_drop7,100,5_239.jpg,2560000,5_98.jpg,2560000,bfd5fa5232c699cfa1e498c338cd06a679cce65fd21469752cb671deabbba3d7
M_new_drop5_drop7,101,5_178.jpg,2560000,5_196.jpg,2560000,c0f21518f2e6395b2c1e2414708cd67840169459a91983607ee216f57185140c
M_new_drop5_drop7,102,5_20.jpg,2560000,5_62.jpg,2560000,c175f7b8e7cccbd7871f0b382e44b2d48f98d5de16f057cc989169acf7045d2c
M_new_drop5_drop7,103,6_199.jpg,2560000,6_352.jpg,2560000,c2d807aa2e20ab970097bedb094bbaa2004a2623c32964ca045ebde8f92956ac
M_new_drop5_drop7,104,2_15.jpg,160000,3_24.jpg,160000,c4d50061a490bcc82bf5d6021704e2385827fd4e79ad617f16ee2c756a8351f4
M_new_drop5_drop7,105,5_221.jpg,2560000,5_262.jpg,2560000,c8f7368d7dfcedde752c40f21f5b2f77e35932f8053b91d5146364b32d8c5be9
M_new_drop5_drop7,106,5_105.jpg,2560000,5_230.jpg,2560000,c9775262aacb971473025c557b83b93cbffdf8523eefe64f84b8dc42a7736b4d
M_new_drop5_drop7,107,6_367.jpg,2560000,6_79.jpg,2560000,ceb3aea21c11045661bcf1eb0565e2f5b2c9582c8f76027a43ca5ccec9622d47
M_new_drop5_drop7,108,6_133.jpg,2560000,6_7.jpg,2560000,cfc8b6912f3ac37ecf8d32bad0aa17729e83a04ff33620b8356a8745509d9ee8
M_new_drop5_drop7,109,5_227.jpg,2560000,5_287.jpg,2560000,d05b5d4c04ea2f2b2b35c0ec836e07dada4ac30d8d440e6f3a937ac454fe4b28
M_new_drop5_drop7,110,6_17.jpg,2560000,6_192.jpg,2560000,d8e8764675b1b227839f2b67f262f185012da9e67969409dc4166cd7e23c2015
M_new_drop5_drop7,111,5_184.jpg,2560000,5_22.jpg,2560000,d966d6ad4abaea32c0cb4598208426ec97a14ebab879c26dba1ac1cdbaed9215
M_new_drop5_drop7,112,6_173.jpg,2560000,6_193.jpg,2560000,dac3fd51af0185d62d484078bbbcae999b445c418aa6f59e023373d2b2a64d61
M_new_drop5_drop7,113,2_12.jpg,160000,3_390.jpg,160000,dbce08d7e4b99d1f1d8bb0a3e81f41bfde2498ee4aa78b9caca2a08bef2a93d9
M_new_drop5_drop7,114,1_406.jpg,160000,1_446.jpg,160000,de10fef561d3d8a29b89c6e9c345511ff87b45ded0e3a54fb32fa6889a53a93d
M_new_drop5_drop7,115,5_47.jpg,2560000,5_7.jpg,2560000,e69ef32fdb7094e178b5c55a018e65eced3c78161ed67acd1e7a793a38039133
M_new_drop5_drop7,116,6_182.jpg,2560000,6_361.jpg,2560000,e7ea64b6d72ae851d110f5c4c55f6013c1a5aa63fde6776e7d74df4530248578
M_new_drop5_drop7,117,5_229.jpg,2560000,5_311.jpg,2560000,e8304408147ce86c617913708d6d1c7c6399baf5c5c5d5b826b4362e78fedb18
M_new_drop5_drop7,118,5_222.jpg,2560000,5_39.jpg,2560000,e997e0cf46727fa6ba70c21216bf9c6fb5afe7b8b0c25e4fae8a37fca68a7e19
M_new_drop5_drop7,119,5_50.jpg,2560000,5_8.jpg,2560000,ea581dac540366774779062ef10671ae761aa40391a8b33bbb4478915ed16e58
M_new_drop5_drop7,120,6_169.jpg,2560000,6_63.jpg,2560000,ea7b777a0f418f7c6424933e9dd5a9ecc6eee9d87198cf958b74dde962bd0b78
M_new_drop5_drop7,121,4_76.jpg,2250000,4_78.jpg,2250000,eb88ca631a3272156686994d702527fcb779c9064107f61d9a45467a9aa51bf3
M_new_drop5_drop7,122,5_209.jpg,2560000,5_38.jpg,2560000,eb9b4eb13d1ea2aaba2d85ff2291b5ba47bd7acab89f0f9c3c11908dfc30acbd
M_new_drop5_drop7,123,5_225.jpg,2560000,5_275.jpg,2560000,ee5063705458f3a3b89a12071f79862498915f51e995af7541a718c86083464a
M_new_drop5_drop7,124,6_183.jpg,2560000,6_362.jpg,2560000,ef9438b4cbb68053e62e124b941e3856d69a1710dbf7ceb2eedb7d53d1eaf7dd
M_new_drop5_drop7,125,6_24.jpg,2560000,6_326.jpg,2560000,f011980975f5eb31679b7af5234e843578e3fa442e102304fa0e66c7a178f0bf
M_new_drop5_drop7,126,5_299.jpg,2560000,5_94.jpg,2560000,f49e8c5e2383f30d367c18cf227a204781a4c00056a99a5fc7ed0abf3465c887
M_new_drop5_drop7,127,5_25.jpg,2560000,5_67.jpg,2560000,f75743741300049b6ce0fb9c400efefa5d0a198715d91fab30260bd9d9747a71
M_new_drop5_drop7,128,6_29.jpg,2560000,6_319.jpg,2560000,f80ff8c51e0e4b3d36430c3883e0d2065543d32f3e8cc55818d49cddd896d4a0
M_new_drop5_drop7,129,5_35.jpg,2560000,5_96.jpg,2560000,fc2e63bf4756a2b8611f8fe932dd92fa8265ab07377e2c323220cb2d8655c7b2
G_new,1,3_724.jpg,733838,3_725.jpg,733838,01152adffba04203720b0e4ea6610ef95d030e53272cbe47272fef5d403680a6
G_new,1,3_724.jpg,733838,3_726.jpg,733838,01152adffba04203720b0e4ea6610ef95d030e53272cbe47272fef5d403680a6
G_new,2,3_194.jpg,249841,3_195.jpg,249841,034c5517c89dc67af15fc38a946afb4d949235c3fc8f9fe03fe06c884dcc12dc
G_new,3,3_765.jpg,512120,3_766.jpg,512120,047efe309e22d92e313b662bc60da2ee59fffb80e441824cb89ed67b9e0d956e
G_new,3,3_765.jpg,512120,3_767.jpg,512120,047efe309e22d92e313b662bc60da2ee59fffb80e441824cb89ed67b9e0d956e
G_new,4,0_806.jpg,1918800,0_807.jpg,1918800,070689c5c0b56a945a543e3db2bb46dfcc5425c532079b8a67dd98c1aaee1329
G_new,4,0_806.jpg,1918800,0_808.jpg,1918800,070689c5c0b56a945a543e3db2bb46dfcc5425c532079b8a67dd98c1aaee1329
G_new,5,3_0.jpg,815626,3_942.jpg,815626,09288c13bcb5a5de9a267d81f908ca24df1b898ddb2f37c6cbf25a2739f47b4d
G_new,5,3_0.jpg,815626,3_943.jpg,815626,09288c13bcb5a5de9a267d81f908ca24df1b898ddb2f37c6cbf25a2739f47b4d
G_new,6,0_737.jpg,1918800,0_738.jpg,1918800,0936ee4f4a66e85fe2cad846b7fe664912d33b8740b5dadb2e0a452c20a3d22f
G_new,6,0_737.jpg,1918800,0_739.jpg,1918800,0936ee4f4a66e85fe2cad846b7fe664912d33b8740b5dadb2e0a452c20a3d22f
G_new,7,0_857.jpg,1918800,0_858.jpg,1918800,098981efaa8872b320d27811aff27884e6c49405432b93fe5b238b1994d9c6fc
G_new,7,0_857.jpg,1918800,0_859.jpg,1918800,098981efaa8872b320d27811aff27884e6c49405432b93fe5b238b1994d9c6fc
G_new,8,3_915.jpg,517090,3_916.jpg,517090,0994be7111d3504c64fa36ea810b2058ab1106b696a2820c78e780a54f078426
G_new,8,3_915.jpg,517090,3_918.jpg,517090,0994be7111d3504c64fa36ea810b2058ab1106b696a2820c78e780a54f078426
G_new,9,0_752.jpg,1918800,0_753.jpg,1918800,0a9d98036b6a72a0ba5ccd9297ef6c9e16567005abce302cc9b1d3608acac0ef
G_new,9,0_752.jpg,1918800,0_754.jpg,1918800,0a9d98036b6a72a0ba5ccd9297ef6c9e16567005abce302cc9b1d3608acac0ef
G_new,10,3_213.jpg,943602,3_324.jpg,943602,0d4e859111fa043cfa0d3db28ef9915e741baa0cd23e961b2c1ff0bfaf33db46
G_new,11,3_182.jpg,1224324,3_369.jpg,1224324,0e0b6f170078e345c52219d3e9ae991c9c7cede3f561942c4e0ec68e652b2b99
G_new,12,0_794.jpg,1918800,0_795.jpg,1918800,0e347a0fffac57d40058c64d7d902947767aeb4f1bcb280324a27b6cc9cf5c5a
G_new,12,0_794.jpg,1918800,0_796.jpg,1918800,0e347a0fffac57d40058c64d7d902947767aeb4f1bcb280324a27b6cc9cf5c5a
G_new,13,3_714.jpg,398216,3_715.jpg,398216,1128c7ab5f2c6497861e8e1d62ebb2b81968cc797bb6aefe2fa812900af4c4bf
G_new,13,3_714.jpg,398216,3_716.jpg,398216,1128c7ab5f2c6497861e8e1d62ebb2b81968cc797bb6aefe2fa812900af4c4bf
G_new,14,0_899.jpg,1918800,0_900.jpg,1918800,1164eb7eef1380cacc1b1879f7557716914528d56f7bdf2946151c951eb22b1e
G_new,14,0_899.jpg,1918800,0_901.jpg,1918800,1164eb7eef1380cacc1b1879f7557716914528d56f7bdf2946151c951eb22b1e
G_new,15,0_782.jpg,1918800,0_783.jpg,1918800,127f178d96d93de67322f3c51bc502a0764e729431708acb525cece92d0eebb6
G_new,15,0_782.jpg,1918800,0_784.jpg,1918800,127f178d96d93de67322f3c51bc502a0764e729431708acb525cece92d0eebb6
G_new,16,3_761.jpg,754256,3_762.jpg,754256,129ee163f633cfe7eaa44738264d32ee84cb2edc391f3baf994f9dfe7ec2e21c
G_new,16,3_761.jpg,754256,3_764.jpg,754256,129ee163f633cfe7eaa44738264d32ee84cb2edc391f3baf994f9dfe7ec2e21c
G_new,17,3_603.jpg,733096,3_604.jpg,733096,1385ec946d6ee979b255bcaef8e5af4fea423c73e9d9c7dde31c5efd115590ce
G_new,18,0_746.jpg,1918800,0_747.jpg,1918800,164ecdd7bf1df92b32a74668248fc2c6fe507d44b505ab7c37c0848ffa0ea872
G_new,18,0_746.jpg,1918800,0_748.jpg,1918800,164ecdd7bf1df92b32a74668248fc2c6fe507d44b505ab7c37c0848ffa0ea872
G_new,19,3_198.jpg,609076,3_353.jpg,609076,16fb69499254756270c1d7bff2de7face527859c64b8ddebd2a562b8f37fe10a
G_new,20,3_192.jpg,849072,3_360.jpg,849072,17b0746fadeb8316f5904113b2fcbd5ee5ded7053ca02dfe376637ed735ddf6d
G_new,21,0_785.jpg,1918800,0_786.jpg,1918800,17e35023b8c16a3eac492251c16fb6a2e26a2244fa86e12241b96fc8f9b681fc
G_new,21,0_785.jpg,1918800,0_787.jpg,1918800,17e35023b8c16a3eac492251c16fb6a2e26a2244fa86e12241b96fc8f9b681fc
G_new,22,0_914.jpg,1918800,0_915.jpg,1918800,1868e08273d5882dd47b8b0dac288ab195a0abbde90a9be6cb1edd093969cd63
G_new,23,3_611.jpg,1301196,3_612.jpg,1301196,18ea009f0dcb265d9b87622b2381d92fb532998683c6b2543e72c390ed9281fe
G_new,24,0_929.jpg,1918800,0_930.jpg,1918800,1aed10ff753d4492e7cd55773004353c218f2ed8d0bd7015db6acd180ca6c339
G_new,24,0_929.jpg,1918800,0_931.jpg,1918800,1aed10ff753d4492e7cd55773004353c218f2ed8d0bd7015db6acd180ca6c339
G_new,25,3_781.jpg,1032240,3_782.jpg,1032240,1b6e10ffc5521a46ff8a7ca98d997a88694647e3fb6e9a671391a7baedd014e6
G_new,25,3_781.jpg,1032240,3_783.jpg,1032240,1b6e10ffc5521a46ff8a7ca98d997a88694647e3fb6e9a671391a7baedd014e6
G_new,26,3_626.jpg,772415,3_627.jpg,772415,1ce93cd4a0e0c21c5ebc0fb45813797711ce5b02ed13639c8ff181b6e81886b1
G_new,27,2_164.jpg,249841,2_165.jpg,249841,1efbe8c167bd9251882227e5cb578ea9fd4fadf9cf2188359036268edb196453
G_new,27,2_164.jpg,249841,2_166.jpg,249841,1efbe8c167bd9251882227e5cb578ea9fd4fadf9cf2188359036268edb196453
G_new,28,0_709.jpg,1918800,0_710.jpg,1918800,1f3bd70ec8d516c5f54c7ed8b4cb6c23af946bcaffe055c201e16f19cf965d3b
G_new,28,0_709.jpg,1918800,0_711.jpg,1918800,1f3bd70ec8d516c5f54c7ed8b4cb6c23af946bcaffe055c201e16f19cf965d3b
G_new,29,3_905.jpg,641256,3_906.jpg,641256,2075dac399c8478e5a619ecb56cf4b9bcd08b126bca6059252da2f8dfffd05d6
G_new,29,3_905.jpg,641256,3_907.jpg,641256,2075dac399c8478e5a619ecb56cf4b9bcd08b126bca6059252da2f8dfffd05d6
G_new,30,0_767.jpg,1918800,0_768.jpg,1918800,22230190f4836fc047af5cf9e3baddb1064a4f52b72b7c99681c5fb496da0ab8
G_new,30,0_767.jpg,1918800,0_769.jpg,1918800,22230190f4836fc047af5cf9e3baddb1064a4f52b72b7c99681c5fb496da0ab8
G_new,31,2_199.jpg,249841,2_200.jpg,249841,22e777badcc14c88ea536690c740eee09252801454998c813584352735eec602
G_new,32,3_183.jpg,1379052,3_368.jpg,1379052,2312d4cac021d097b49e8ee0fe97083ebf845de451d0ef859231f06fe11b35b4
G_new,33,3_634.jpg,561385,3_635.jpg,561385,2495fbe40dae10ceef74ea9fefa0bf49e129b130148471bf23370b738805d1bc
G_new,33,3_634.jpg,561385,3_636.jpg,561385,2495fbe40dae10ceef74ea9fefa0bf49e129b130148471bf23370b738805d1bc
G_new,34,3_806.jpg,1062670,3_807.jpg,1062670,25ff21ef179f7bf1ec494b6ac715336c21f8a058c40c334a64326a3630975079
G_new,34,3_806.jpg,1062670,3_808.jpg,1062670,25ff21ef179f7bf1ec494b6ac715336c21f8a058c40c334a64326a3630975079
G_new,35,3_880.jpg,1906424,3_881.jpg,1906424,2671750a2e99ebe1116c40ebf26d5d8cd680eb4f3599f114891452c156625a1e
G_new,35,3_880.jpg,1906424,3_882.jpg,1906424,2671750a2e99ebe1116c40ebf26d5d8cd680eb4f3599f114891452c156625a1e
G_new,36,0_836.jpg,1918800,0_837.jpg,1918800,269d7ecd1eceeae6c48c1277f5e065e78acd3d114bdc20da4eb8b299932e57de
G_new,36,0_836.jpg,1918800,0_838.jpg,1918800,269d7ecd1eceeae6c48c1277f5e065e78acd3d114bdc20da4eb8b299932e57de
G_new,37,0_821.jpg,1918800,0_822.jpg,1918800,26fbc153a432526b4629ec60bfeb16009d5875965635492bc2bc82d441c09e97
G_new,37,0_821.jpg,1918800,0_823.jpg,1918800,26fbc153a432526b4629ec60bfeb16009d5875965635492bc2bc82d441c09e97
G_new,38,3_667.jpg,443713,3_668.jpg,443713,28c083fb72b4cbac3e1d6c0535cd58302cd0b79564ea27dd13393a676cc4f8a8
G_new,38,3_667.jpg,443713,3_669.jpg,443713,28c083fb72b4cbac3e1d6c0535cd58302cd0b79564ea27dd13393a676cc4f8a8
G_new,39,0_893.jpg,1918800,0_894.jpg,1918800,294051d44ddba9cb34bfef49fe233c8a2fb243c45a3337e2e9cc543622d300ff
G_new,40,0_755.jpg,1918800,0_756.jpg,1918800,2a8b5dfbe0d7067d7bfea634086e20898a3afd302a75ee0c206365e8b67142bc
G_new,40,0_755.jpg,1918800,0_757.jpg,1918800,2a8b5dfbe0d7067d7bfea634086e20898a3afd302a75ee0c206365e8b67142bc
G_new,41,0_682.jpg,1918800,0_683.jpg,1918800,2b6a7a249b90902d2bf82dd6b5162ecd6cf8ad919e5b38be3a69f03713aaef2f
G_new,42,2_363.jpg,249841,2_364.jpg,249841,2c872be2bea254f68a65dd7085d46d9b564899f50115eb9fd63c74e643ad5487
G_new,43,3_640.jpg,436436,3_641.jpg,436436,2d29c29fa4c02210f4dfa0e49d40b104ffb3ca7656892c52f0b05b22be40ea4f
G_new,43,3_640.jpg,436436,3_642.jpg,436436,2d29c29fa4c02210f4dfa0e49d40b104ffb3ca7656892c52f0b05b22be40ea4f
G_new,44,3_541.jpg,932140,3_542.jpg,932140,2d2d1afef5e5a721982667e5afc1cfe31aad652aaedd4c5919f31110328644da
G_new,45,0_758.jpg,1918800,0_759.jpg,1918800,2ea8751f849a74edc5749a76741cd4f21fb7a498ee9afdf2143d372a6adcd818
G_new,45,0_758.jpg,1918800,0_760.jpg,1918800,2ea8751f849a74edc5749a76741cd4f21fb7a498ee9afdf2143d372a6adcd818
G_new,46,3_582.jpg,606825,3_583.jpg,606825,2eac9b3dc4fb69f7fdf9fd2684e7c4ff0f25c1c553347ecea42b171c04fff00d
G_new,47,3_936.jpg,1120574,3_937.jpg,1120574,2f466c38d1f530fe44b6fcfb82f9fa52e62b83e708eb16790efa59ee77028cae
G_new,48,3_622.jpg,384492,3_624.jpg,384492,304a5ff1da9d632676c8e7653387a33d9aca0f05375bbd8f0f39508f2dcca6d0
G_new,49,0_827.jpg,1918800,0_828.jpg,1918800,309edb3b22fde347e052990c1b90995bb8b91fb20fb7f44be3bd57aa503c6e54
G_new,49,0_827.jpg,1918800,0_829.jpg,1918800,309edb3b22fde347e052990c1b90995bb8b91fb20fb7f44be3bd57aa503c6e54
G_new,50,3_559.jpg,715408,3_560.jpg,715408,30ee2df9124cd379a5e4eeca9f8d245d05b28df05d1031670e8f01c2739a3c77
G_new,51,3_834.jpg,739785,3_835.jpg,739785,31100858d8644b5abdfa1e373314891bf5167a30bc0f220027540445845e40fb
G_new,51,3_834.jpg,739785,3_836.jpg,739785,31100858d8644b5abdfa1e373314891bf5167a30bc0f220027540445845e40fb
G_new,52,3_927.jpg,694564,3_928.jpg,694564,3205ad827b72d8a982474ddbf13c4dd1fb6c87fd0a51e03a8f1f2235eb18abe9
G_new,52,3_927.jpg,694564,3_929.jpg,694564,3205ad827b72d8a982474ddbf13c4dd1fb6c87fd0a51e03a8f1f2235eb18abe9
G_new,53,3_705.jpg,932140,3_706.jpg,932140,3296087251d55c455eb875ca2efbab9fce3994f218a40e96d26db238e40752f2
G_new,53,3_705.jpg,932140,3_707.jpg,932140,3296087251d55c455eb875ca2efbab9fce3994f218a40e96d26db238e40752f2
G_new,54,2_105.jpg,249841,2_106.jpg,249841,34db26ef4eddc2bb69a15dd04da5927cd840ebfc8e87ee6c463f5d79d9f5be01
G_new,54,2_105.jpg,249841,2_107.jpg,249841,34db26ef4eddc2bb69a15dd04da5927cd840ebfc8e87ee6c463f5d79d9f5be01
G_new,55,3_644.jpg,531302,3_645.jpg,531302,35584cc15f7d003619d04d613c5742e1b2badaf2e65e6ff450f89e081eaefb74
G_new,55,3_644.jpg,531302,3_646.jpg,531302,35584cc15f7d003619d04d613c5742e1b2badaf2e65e6ff450f89e081eaefb74
G_new,56,3_791.jpg,796963,3_792.jpg,796963,36b177780c79f198da929c62cbd44186f1bd67e00fda570aeb1a7ae05c179db3
G_new,56,3_791.jpg,796963,3_793.jpg,796963,36b177780c79f198da929c62cbd44186f1bd67e00fda570aeb1a7ae05c179db3
G_new,57,3_594.jpg,442368,3_595.jpg,442368,37155a9a5f7ea40916e9a146a03c905f4063109cb52de07cc283eefd10c08cb2
G_new,58,3_659.jpg,687844,3_660.jpg,687844,37210c41e5c8d3a139c667f36755613a0e2aff392712ba81d8560a46742016ae
G_new,58,3_659.jpg,687844,3_662.jpg,687844,37210c41e5c8d3a139c667f36755613a0e2aff392712ba81d8560a46742016ae
G_new,59,0_923.jpg,1918800,0_924.jpg,1918800,38114a466a6dda86bf911bd168aeed3975ba8449212966bacf41389eaece098a
G_new,59,0_923.jpg,1918800,0_925.jpg,1918800,38114a466a6dda86bf911bd168aeed3975ba8449212966bacf41389eaece098a
G_new,60,3_380.jpg,249841,3_381.jpg,249841,39076051d5e232fe8b358c31ced77afeb3d940d61d06b04601b091fac08b5e40
G_new,61,3_637.jpg,716141,3_638.jpg,716141,3a9f1004d35d936fe5ff3d78c0704843c91c945d936537f977fbcdfd480cbf07
G_new,61,3_637.jpg,716141,3_639.jpg,716141,3a9f1004d35d936fe5ff3d78c0704843c91c945d936537f977fbcdfd480cbf07
G_new,62,3_178.jpg,714432,3_376.jpg,714432,3ac6edaa8d7e0b2ea12b8009ec473f77e2cc6644e722c0a5778742b72b3e990a
G_new,63,3_179.jpg,760285,3_374.jpg,760285,3b610af4d819000bf6784182c566f82d60f51e29abab73b8bfae2565f53a688b
G_new,64,0_839.jpg,1918800,0_840.jpg,1918800,3ca93b5f31ac62fdfb16b905df00a2a5cc55a8ab00be5ae5434977bd18fc7305
G_new,64,0_839.jpg,1918800,0_841.jpg,1918800,3ca93b5f31ac62fdfb16b905df00a2a5cc55a8ab00be5ae5434977bd18fc7305
G_new,65,2_64.jpg,249841,2_65.jpg,249841,3d4652c3658fd52931dac38d5b8b894f8f974365e7a74fc727bf955c48c10978
G_new,66,3_616.jpg,1424852,3_617.jpg,1424852,3da410ffdf914f2f26ba97a45711917f39d51bc0efb21602a5552174fe580070
G_new,67,3_564.jpg,454936,3_565.jpg,454936,401aaa3f4c835518a5d99b3638b208f3ee8a964f423383f7caedca2220a95c85
G_new,68,0_658.jpg,1918800,0_659.jpg,1918800,40e6fcd6657c96b9c4ab4517e9f030a078b4b0f9d512890b759bc2a8fb093a8b
G_new,69,0_779.jpg,1918800,0_780.jpg,1918800,41e5a33cb3a72ecb4ef1c5ea5046848109c0c9ec5c7e21dda3ef5b95bcf1a033
G_new,69,0_779.jpg,1918800,0_781.jpg,1918800,41e5a33cb3a72ecb4ef1c5ea5046848109c0c9ec5c7e21dda3ef5b95bcf1a033
G_new,70,0_776.jpg,1918800,0_777.jpg,1918800,4209b3952ecfca9c6b3795084dc85feb9191c2b10d58a6cc8cfff287c2ecff53
G_new,70,0_776.jpg,1918800,0_778.jpg,1918800,4209b3952ecfca9c6b3795084dc85feb9191c2b10d58a6cc8cfff287c2ecff53
G_new,71,0_860.jpg,1918800,0_861.jpg,1918800,4270a7111963b1e26eaa417b0153201284c3eb71f8940b6ca48ae14dada4bd06
G_new,71,0_860.jpg,1918800,0_862.jpg,1918800,4270a7111963b1e26eaa417b0153201284c3eb71f8940b6ca48ae14dada4bd06
G_new,72,3_746.jpg,728654,3_747.jpg,728654,42b1d946e692f702cac3188df834b0ec14ce45cbafac79a194440ead8c9baa31
G_new,72,3_746.jpg,728654,3_748.jpg,728654,42b1d946e692f702cac3188df834b0ec14ce45cbafac79a194440ead8c9baa31
G_new,73,3_911.jpg,610654,3_912.jpg,610654,49d9105e8b24fa8588b4b72ccc6f6f427b38e0e4244a07b8b4a036b19bfff242
G_new,73,3_911.jpg,610654,3_913.jpg,610654,49d9105e8b24fa8588b4b72ccc6f6f427b38e0e4244a07b8b4a036b19bfff242
G_new,74,0_911.jpg,1918800,0_912.jpg,1918800,4c0016453bbf8565f87820aef91b934217038b3768f53e41d6025d0752b3e2ce
G_new,75,2_27.jpg,249841,2_28.jpg,249841,4e67ba966848983f3a0a618ec1414f4ca7bfc3fe6ccce6adc0f85ac6a718de90
G_new,76,3_803.jpg,757770,3_804.jpg,757770,50fefd6082a4d74d37f75ba18c15ba22ef6bc4dcb0e44814e820f9a1908c8477
G_new,76,3_803.jpg,757770,3_805.jpg,757770,50fefd6082a4d74d37f75ba18c15ba22ef6bc4dcb0e44814e820f9a1908c8477
G_new,77,0_661.jpg,1918800,0_662.jpg,1918800,53ba9855b97d1bd86483d9148410f496fae9e0780be622763ec38a58c2a55c4f
G_new,78,3_773.jpg,788225,3_774.jpg,788225,5504567d5ebb22e84a4b68687e8239aceb66d10398e3356120ee2a476c5dc70c
G_new,78,3_773.jpg,788225,3_776.jpg,788225,5504567d5ebb22e84a4b68687e8239aceb66d10398e3356120ee2a476c5dc70c
G_new,79,3_210.jpg,952315,3_330.jpg,952315,573dfdb31d6ee0deb7d01a2357d69e4b5522202ef831acd8cdb081a8890e11b2
G_new,80,0_697.jpg,1918800,0_698.jpg,1918800,57a5b8ebf9f11ee1af6ff52a0a7eebbf29b157628c24bb34e6c7e70b25264513
G_new,80,0_697.jpg,1918800,0_699.jpg,1918800,57a5b8ebf9f11ee1af6ff52a0a7eebbf29b157628c24bb34e6c7e70b25264513
G_new,81,3_184.jpg,1412817,3_366.jpg,1412817,57da81d1346f48ca56e441ed2ce0b2f015dadd905c1580b23ea5322bceb10291
G_new,82,3_932.jpg,1778700,3_933.jpg,1778700,581f6a772b6d4f0523bcea81b9aaa0590b1fe03092c8a3fb00097f6be07e26c9
G_new,82,3_932.jpg,1778700,3_934.jpg,1778700,581f6a772b6d4f0523bcea81b9aaa0590b1fe03092c8a3fb00097f6be07e26c9
G_new,83,0_842.jpg,1918800,0_843.jpg,1918800,5bf25a417c86ea4030e63c9f99f7a6aea6f487b6c4bec1382305393c9d6663b2
G_new,84,0_706.jpg,1918800,0_707.jpg,1918800,5dd387f9fea506dd8312c0afe6b81ff59c2a08ad4173a1742ff95e12500ba198
G_new,84,0_706.jpg,1918800,0_708.jpg,1918800,5dd387f9fea506dd8312c0afe6b81ff59c2a08ad4173a1742ff95e12500ba198
G_new,85,3_590.jpg,668352,3_591.jpg,668352,5e75baca54efcc39d7b5050ec9985ea29da7730c4d057bbdeaa253a93ff9f56c
G_new,86,3_697.jpg,595188,3_698.jpg,595188,5fea9390f4b7babacdf5986820ae5fc3060371d56861ba208c3a1d11ecc50451
G_new,86,3_697.jpg,595188,3_699.jpg,595188,5fea9390f4b7babacdf5986820ae5fc3060371d56861ba208c3a1d11ecc50451
G_new,87,3_630.jpg,780300,3_631.jpg,780300,61ae58a499ff90715009d5ab63e68e3d969f0eb00537e6f53ad24a4ba6a4d909
G_new,88,0_691.jpg,1918800,0_692.jpg,1918800,61ed0a2d16460ca02bb7901e4714179dc6cee783e7a91841fe8e0722add6d772
G_new,88,0_691.jpg,1918800,0_693.jpg,1918800,61ed0a2d16460ca02bb7901e4714179dc6cee783e7a91841fe8e0722add6d772
G_new,89,3_656.jpg,371712,3_657.jpg,371712,62671eeef518b59dc7eaad5e68dbedfcace2afc9acbd222d331af289a7aa888b
G_new,89,3_656.jpg,371712,3_658.jpg,371712,62671eeef518b59dc7eaad5e68dbedfcace2afc9acbd222d331af289a7aa888b
G_new,90,3_652.jpg,825563,3_653.jpg,825563,62aa2731711997f2e76a27f3b5f45aa9b67814e1c9f8fb832a02ff0cfe78f1d7
G_new,90,3_652.jpg,825563,3_654.jpg,825563,62aa2731711997f2e76a27f3b5f45aa9b67814e1c9f8fb832a02ff0cfe78f1d7
G_new,91,2_169.jpg,249841,2_170.jpg,249841,6525ba82f9c6cdc2a56bc0c8b53d14449e91cbcde72f7cb98ab5e0b13ccb3287
G_new,92,0_761.jpg,1918800,0_762.jpg,1918800,653f6c3db1da0e567441fcd47564b2d8b7c2c07b25bf0488d8574e0ad70ec794
G_new,92,0_761.jpg,1918800,0_763.jpg,1918800,653f6c3db1da0e567441fcd47564b2d8b7c2c07b25bf0488d8574e0ad70ec794
G_new,93,3_172.jpg,1239704,3_395.jpg,1239704,66a6efba731bb602012c8f41ac27a3578033e7b2dbbb6352d8aca56330dd78c7
G_new,94,0_791.jpg,1918800,0_792.jpg,1918800,66bc17cc890bd9778a57962476f2919ad403ffb7effa2ec8fb55a611eb75ef57
G_new,94,0_791.jpg,1918800,0_793.jpg,1918800,66bc17cc890bd9778a57962476f2919ad403ffb7effa2ec8fb55a611eb75ef57
G_new,95,0_869.jpg,1918800,0_870.jpg,1918800,68400b75b1d9a99bf3be672a54a94d35fe9db7e441424ab828c305d73bdaf3c9
G_new,95,0_869.jpg,1918800,0_871.jpg,1918800,68400b75b1d9a99bf3be672a54a94d35fe9db7e441424ab828c305d73bdaf3c9
G_new,96,0_932.jpg,1918800,0_933.jpg,1918800,69f4371e4b84c82d9276a658ac03b86c1ccdb4cf57386722da26eb78b39b68eb
G_new,96,0_932.jpg,1918800,0_934.jpg,1918800,69f4371e4b84c82d9276a658ac03b86c1ccdb4cf57386722da26eb78b39b68eb
G_new,97,3_859.jpg,1146699,3_860.jpg,1146699,6a4a5d546661716129e4e1e17259f3ff2548ebbb0e192ba1b3ab8e967d963e84
G_new,97,3_859.jpg,1146699,3_861.jpg,1146699,6a4a5d546661716129e4e1e17259f3ff2548ebbb0e192ba1b3ab8e967d963e84
G_new,98,0_703.jpg,1918800,0_704.jpg,1918800,6a59b87183639c8bc23aa0f8587978bb80c96406da5766fe12926bda5c8f0169
G_new,98,0_703.jpg,1918800,0_705.jpg,1918800,6a59b87183639c8bc23aa0f8587978bb80c96406da5766fe12926bda5c8f0169
G_new,99,3_605.jpg,1220175,3_606.jpg,1220175,6ba7c531517ffd5d7458d4723dc4a5aa5710af0581097abe9c6995569fd20dc3
G_new,100,0_824.jpg,1918800,0_825.jpg,1918800,6dccf237bb2b40fc03f8cb077a9e5e35c6a79ba6f8687a89e6dc42c34ba28a0f
G_new,100,0_824.jpg,1918800,0_826.jpg,1918800,6dccf237bb2b40fc03f8cb077a9e5e35c6a79ba6f8687a89e6dc42c34ba28a0f
G_new,101,0_694.jpg,1918800,0_695.jpg,1918800,6e50325944b707d2a5adad42f17fb55ea319d7259548268b63feb17e83743638
G_new,101,0_694.jpg,1918800,0_696.jpg,1918800,6e50325944b707d2a5adad42f17fb55ea319d7259548268b63feb17e83743638
G_new,102,3_193.jpg,375948,3_359.jpg,375948,7140f530337c41817e134a5bedd45948f6083efb0b86619e5b5c6306f9260c42
G_new,103,3_839.jpg,485616,3_840.jpg,485616,72cb9051ecebd6b51bf4985c17a9fc47d93b0c54d497c8bb8097430e6d40abbc
G_new,103,3_839.jpg,485616,3_841.jpg,485616,72cb9051ecebd6b51bf4985c17a9fc47d93b0c54d497c8bb8097430e6d40abbc
G_new,104,0_749.jpg,1918800,0_750.jpg,1918800,749bb8769246034e8d3e446653b3da71c601ca711fb589f2303c681b20633a4a
G_new,104,0_749.jpg,1918800,0_751.jpg,1918800,749bb8769246034e8d3e446653b3da71c601ca711fb589f2303c681b20633a4a
G_new,105,0_878.jpg,1918800,0_879.jpg,1918800,75501245811baddd0415e9435a0ea686cc8e3700e7f07adabfb58417ed6c53d3
G_new,105,0_878.jpg,1918800,0_880.jpg,1918800,75501245811baddd0415e9435a0ea686cc8e3700e7f07adabfb58417ed6c53d3
G_new,106,0_890.jpg,1918800,0_891.jpg,1918800,7626523ac106da4178cced7104d26d00b7d2056390986d32b7fe1477685ea739
G_new,106,0_890.jpg,1918800,0_892.jpg,1918800,7626523ac106da4178cced7104d26d00b7d2056390986d32b7fe1477685ea739
G_new,107,3_562.jpg,617440,3_563.jpg,617440,79663d382e0e106415ab529f9f0f9791b907fb3078a1374a2fa79a1983aa95e4
G_new,108,3_721.jpg,840052,3_722.jpg,840052,79fd76c973641b42d17baacfc27b19178969361070df8355d3b7b92b0406819c
G_new,108,3_721.jpg,840052,3_723.jpg,840052,79fd76c973641b42d17baacfc27b19178969361070df8355d3b7b92b0406819c
G_new,109,0_700.jpg,1918800,0_701.jpg,1918800,7a4293d3f9fb88727fea356e910673fe12f91dd7ad881248fb2e52618f9efcee
G_new,109,0_700.jpg,1918800,0_702.jpg,1918800,7a4293d3f9fb88727fea356e910673fe12f91dd7ad881248fb2e52618f9efcee
G_new,110,3_798.jpg,512740,3_799.jpg,512740,7a9d841c3214a1c7a702b30719b0c9cf9872bbc779e595ac73ee8fc4d6d11203
G_new,110,3_798.jpg,512740,3_800.jpg,512740,7a9d841c3214a1c7a702b30719b0c9cf9872bbc779e595ac73ee8fc4d6d11203
G_new,111,3_566.jpg,685452,3_567.jpg,685452,7bb3c636de92dcf7e0956a849febea5c14709c4c165dad2f31894ca984c07250
G_new,112,3_710.jpg,385208,3_711.jpg,385208,7c750ae7051488f86476b59d2d7186fe13508e4281e34ad79116168803705b09
G_new,112,3_710.jpg,385208,3_712.jpg,385208,7c750ae7051488f86476b59d2d7186fe13508e4281e34ad79116168803705b09
G_new,113,2_304.jpg,249841,2_305.jpg,249841,7f551e04e2720bd771696553762bc012a373c62defe9700abcd2118741c8bed9
G_new,114,3_648.jpg,422250,3_649.jpg,422250,815f48e5122454567b4756be19b7d792f16a92f9f80ef99ff0bab6eb453bdae6
G_new,114,3_648.jpg,422250,3_651.jpg,422250,815f48e5122454567b4756be19b7d792f16a92f9f80ef99ff0bab6eb453bdae6
G_new,115,3_1066.jpg,523545,3_1067.jpg,523545,82d3b6ed4205747ed7fe97430c0a13f4cf5af3c8766583aa8820828280752f38
G_new,116,3_829.jpg,754256,3_830.jpg,754256,83319bf59658b46cdd156a8a3bab62dc19ab0371f88bd47568215e6fb1baca02
G_new,116,3_829.jpg,754256,3_831.jpg,754256,83319bf59658b46cdd156a8a3bab62dc19ab0371f88bd47568215e6fb1baca02
G_new,117,3_809.jpg,751751,3_810.jpg,751751,847116634149708d442ffe563c4b616f1c5bf50feb250dffc7fd204e99694841
G_new,117,3_809.jpg,751751,3_811.jpg,751751,847116634149708d442ffe563c4b616f1c5bf50feb250dffc7fd204e99694841
G_new,118,3_876.jpg,732849,3_877.jpg,732849,852b5828e3398ca6102fb289a89cb0dd5ef9a07058f0158294d33801a05459e0
G_new,118,3_876.jpg,732849,3_878.jpg,732849,852b5828e3398ca6102fb289a89cb0dd5ef9a07058f0158294d33801a05459e0
G_new,118,3_876.jpg,732849,3_98.jpg,732849,852b5828e3398ca6102fb289a89cb0dd5ef9a07058f0158294d33801a05459e0
G_new,119,3_628.jpg,1031067,3_629.jpg,1031067,86a9efe126368417b0f6af2b778db9c8ad9773b87cdc4063bd49640c3b081e11
G_new,120,0_920.jpg,1918800,0_921.jpg,1918800,86d8c6b64d527414c6430dd67f2928d588b133a220a0d6bae011683a06136c13
G_new,120,0_920.jpg,1918800,0_922.jpg,1918800,86d8c6b64d527414c6430dd67f2928d588b133a220a0d6bae011683a06136c13
G_new,121,3_578.jpg,2746590,3_579.jpg,2746590,87b5e24daa0e7b8fadf8895c9eeac0cb7f14aeb7edee6afad7a11c81a6d8ed28
G_new,122,3_204.jpg,756012,3_342.jpg,756012,89a0d6cc6e61e1b541445a6a7e717517efeb2c20afbbf1295f2351b43c15f3c7
G_new,123,3_737.jpg,625405,3_738.jpg,625405,89ea428ebd610348735addd95b601772edac923e10fda91fbe356a9726902316
G_new,123,3_737.jpg,625405,3_739.jpg,625405,89ea428ebd610348735addd95b601772edac923e10fda91fbe356a9726902316
G_new,124,3_100.jpg,1557721,3_867.jpg,1557721,8a442b98906c2a18620f245c0421ab10eb48bd912fec9adc7e05c8d63d16503f
G_new,124,3_100.jpg,1557721,3_868.jpg,1557721,8a442b98906c2a18620f245c0421ab10eb48bd912fec9adc7e05c8d63d16503f
G_new,124,3_100.jpg,1557721,3_869.jpg,1557721,8a442b98906c2a18620f245c0421ab10eb48bd912fec9adc7e05c8d63d16503f
G_new,125,0_673.jpg,1918800,0_674.jpg,1918800,8a9493bcf0d78178527ff538c7f9653988180c7564b1f6a076b6e89ebb10765a
G_new,126,0_854.jpg,1918800,0_855.jpg,1918800,8b3212e11b0d61e1d05ce64d843e2d5278ac241931af4cbe4a1a6fc8bfc11b63
G_new,127,3_692.jpg,866450,3_693.jpg,866450,8e77f549ab24dfeb68ee4f8f3a7bd27c91656a64bb8df4e666a16df56e6caccc
G_new,127,3_692.jpg,866450,3_694.jpg,866450,8e77f549ab24dfeb68ee4f8f3a7bd27c91656a64bb8df4e666a16df56e6caccc
G_new,128,0_818.jpg,1918800,0_819.jpg,1918800,8ef792c95096f2ceda80273996976833f1094964d1e455b92af3056c70e9c5b0
G_new,128,0_818.jpg,1918800,0_820.jpg,1918800,8ef792c95096f2ceda80273996976833f1094964d1e455b92af3056c70e9c5b0
G_new,129,3_842.jpg,991587,3_843.jpg,991587,90631d939db31330b83391b920a481b56af4d20f7e283c8137de193cb737319a
G_new,129,3_842.jpg,991587,3_844.jpg,991587,90631d939db31330b83391b920a481b56af4d20f7e283c8137de193cb737319a
G_new,130,3_678.jpg,589190,3_679.jpg,589190,90cd3e8440144a313198cf8328b563dcea7f899f7157d5a58d4fdc6bbe7f6c7f
G_new,130,3_678.jpg,589190,3_680.jpg,589190,90cd3e8440144a313198cf8328b563dcea7f899f7157d5a58d4fdc6bbe7f6c7f
G_new,131,3_206.jpg,766338,3_337.jpg,766338,912bf9c155517053d26a7b5bd61fa6517373f8c3a834ba3e6672ca106531ad26
G_new,132,3_938.jpg,653800,3_939.jpg,653800,92a01c5aa3daa51932ac790fc490098470b30433b44026b237d033148ca6d72a
G_new,132,3_938.jpg,653800,3_940.jpg,653800,92a01c5aa3daa51932ac790fc490098470b30433b44026b237d033148ca6d72a
G_new,133,3_550.jpg,459621,3_551.jpg,459621,94e90b0eb6a872cf5784a0fb29d90cb3bebfb3a3c10151efcadb6d3ec6a00ae0
G_new,134,3_214.jpg,857338,3_323.jpg,857338,96474d5a4bdcf81a16e4b9e147ea6826aa92c3509fc492825ef8ccb1b077ab83
G_new,135,3_718.jpg,443136,3_719.jpg,443136,96d24496a49a9dadfd5d5887925f1f8b46692f81dc2b2e2cbe77c1e5077ff654
G_new,135,3_718.jpg,443136,3_720.jpg,443136,96d24496a49a9dadfd5d5887925f1f8b46692f81dc2b2e2cbe77c1e5077ff654
G_new,136,3_216.jpg,717118,3_321.jpg,717118,97358c7dda5c97e6b3fddfd411f47bb4dc955e3bab9a14f0205677efc6080e2e
G_new,137,3_207.jpg,767349,3_336.jpg,767349,977583a20909c39d603110ea9da036450f40bfe77dc5c295c78b42a0447c706a
G_new,138,3_854.jpg,600545,3_855.jpg,600545,977b700ebf0fe1904282fb95e4eb09c655067e5005e58443e26341f42c561824
G_new,138,3_854.jpg,600545,3_856.jpg,600545,977b700ebf0fe1904282fb95e4eb09c655067e5005e58443e26341f42c561824
G_new,139,2_261.jpg,249841,2_262.jpg,249841,97ff31a52afc46574d2b9260a5bb3c7f39c327766c78142c9a56c95235d7e8b4
G_new,140,3_190.jpg,1111121,3_365.jpg,1111121,984412520d6a86a234334c40febe20d52a52daeff5ed668cf85b967599e51711
G_new,141,3_902.jpg,1143610,3_903.jpg,1143610,9a420b3c654194b8a99781455fcd306ec8e8aa35e84dfc26e8e32d256c0ef138
G_new,141,3_902.jpg,1143610,3_904.jpg,1143610,9a420b3c654194b8a99781455fcd306ec8e8aa35e84dfc26e8e32d256c0ef138
G_new,142,3_788.jpg,672370,3_789.jpg,672370,9a729b905f4a4c861aa17a3e0f2e383e6856fc1bce815d637afef73ebd58b3a9
G_new,142,3_788.jpg,672370,3_790.jpg,672370,9a729b905f4a4c861aa17a3e0f2e383e6856fc1bce815d637afef73ebd58b3a9
G_new,143,0_848.jpg,1918800,0_849.jpg,1918800,9ae7e5a06a0347b6de53dbb4535e09bcb0fb2288e34d8e6200e47f68755828d0
G_new,143,0_848.jpg,1918800,0_850.jpg,1918800,9ae7e5a06a0347b6de53dbb4535e09bcb0fb2288e34d8e6200e47f68755828d0
G_new,144,3_614.jpg,746504,3_615.jpg,746504,9b0927df193fb100122783797d684df8afef9e3da779b3bf40c9196489693f1e
G_new,145,3_682.jpg,860013,3_683.jpg,860013,9ba384e5b6e247c317fe5c9edaa10cbd794603ab0a520d0ee85937208ec09b32
G_new,145,3_682.jpg,860013,3_684.jpg,860013,9ba384e5b6e247c317fe5c9edaa10cbd794603ab0a520d0ee85937208ec09b32
G_new,146,3_685.jpg,809381,3_686.jpg,809381,9e3cfd18b9c483d831cb08352b8596facdfa4a3ff20314166591bb70dbc11be9
G_new,146,3_685.jpg,809381,3_687.jpg,809381,9e3cfd18b9c483d831cb08352b8596facdfa4a3ff20314166591bb70dbc11be9
G_new,147,3_671.jpg,407008,3_672.jpg,407008,9e64bd0f2d29c3083826179291f97c06b7e5f1b108385f740f27d186a4db7500
G_new,147,3_671.jpg,407008,3_673.jpg,407008,9e64bd0f2d29c3083826179291f97c06b7e5f1b108385f740f27d186a4db7500
G_new,148,3_570.jpg,1308120,3_571.jpg,1308120,9f31712d90983102c17f17760c9dcae6d87ae9ab02ec8cf52cab1fb53e33ce88
G_new,149,3_185.jpg,249841,3_186.jpg,249841,9f5186b9fb8598f0ad1d574bbcf4597539b5c4347b0c87ced79ef6039e8c6af6
G_new,149,3_185.jpg,249841,3_187.jpg,249841,9f5186b9fb8598f0ad1d574bbcf4597539b5c4347b0c87ced79ef6039e8c6af6
G_new,149,3_185.jpg,249841,3_188.jpg,249841,9f5186b9fb8598f0ad1d574bbcf4597539b5c4347b0c87ced79ef6039e8c6af6
G_new,149,3_185.jpg,249841,3_189.jpg,249841,9f5186b9fb8598f0ad1d574bbcf4597539b5c4347b0c87ced79ef6039e8c6af6
G_new,150,3_535.jpg,456885,3_536.jpg,456885,9f57465c262f22db39ba2c0752c52ab830cafdb6b8e985c97c02fa86d80de98a
G_new,151,3_618.jpg,1015008,3_619.jpg,1015008,9f63fe5d79ddad007fc51ea4c45cf87b3bd4f279624e315d93361a49b2b0b73d
G_new,152,0_676.jpg,1918800,0_677.jpg,1918800,a0e7149d411a52bd5409b2373ddcdeb99bfaeb3f0bc981f9d08f0073f94525fd
G_new,153,0_812.jpg,1918800,0_813.jpg,1918800,a1aed8b4abbbd38ae8722520aeef386be3eb640cf5a0b527bda3c8ef905ff504
G_new,153,0_812.jpg,1918800,0_814.jpg,1918800,a1aed8b4abbbd38ae8722520aeef386be3eb640cf5a0b527bda3c8ef905ff504
G_new,154,3_887.jpg,963900,3_888.jpg,963900,a33de6059164aa79f80268860e3a9c1cc7902dd6c08aaae29b39a18c04f2d6a7
G_new,154,3_887.jpg,963900,3_889.jpg,963900,a33de6059164aa79f80268860e3a9c1cc7902dd6c08aaae29b39a18c04f2d6a7
G_new,155,0_712.jpg,1918800,0_713.jpg,1918800,a34025cdfaa228abfdc4d47e3df3860165979d4a8303794b0d53282d7cb62c28
G_new,155,0_712.jpg,1918800,0_714.jpg,1918800,a34025cdfaa228abfdc4d47e3df3860165979d4a8303794b0d53282d7cb62c28
G_new,156,0_926.jpg,1918800,0_927.jpg,1918800,a44a0ca5880f8da50e12538f2789e54ae60b122026f6744ebb17b85c268131a7
G_new,156,0_926.jpg,1918800,0_928.jpg,1918800,a44a0ca5880f8da50e12538f2789e54ae60b122026f6744ebb17b85c268131a7
G_new,157,0_863.jpg,1918800,0_864.jpg,1918800,a605022b826bec657ac5be239ee9a4231a2534adf1f0e5e016e0fd0513d185cb
G_new,158,3_848.jpg,941640,3_849.jpg,941640,a89012902dca4860a546ed983859e899f858676d63be88b320fdb9707811dcd0
G_new,158,3_848.jpg,941640,3_850.jpg,941640,a89012902dca4860a546ed983859e899f858676d63be88b320fdb9707811dcd0
G_new,159,0_770.jpg,1918800,0_771.jpg,1918800,a8d47acdb8f32a0b1b622a984a7fa92bf76e123f601c0a2fff9ade877ad62b52
G_new,160,0_734.jpg,1918800,0_735.jpg,1918800,a96b2903031d94cf38c49e912c404be33d1c6b2bcf7633d38711778a6e5e8620
G_new,160,0_734.jpg,1918800,0_736.jpg,1918800,a96b2903031d94cf38c49e912c404be33d1c6b2bcf7633d38711778a6e5e8620
G_new,161,0_718.jpg,1918800,0_719.jpg,1918800,aab8994f87eb2afa93c8b571f3a7afecd890dfd27dc9abecc2b6ae45b9202a38
G_new,161,0_718.jpg,1918800,0_720.jpg,1918800,aab8994f87eb2afa93c8b571f3a7afecd890dfd27dc9abecc2b6ae45b9202a38
G_new,162,0_740.jpg,1918800,0_741.jpg,1918800,aaf5aa14caf63a5acbd7b76c28c4aeb300bb4b95194f6cb453d717964f5d1461
G_new,162,0_740.jpg,1918800,0_742.jpg,1918800,aaf5aa14caf63a5acbd7b76c28c4aeb300bb4b95194f6cb453d717964f5d1461
G_new,163,3_580.jpg,749250,3_581.jpg,749250,ab147b74c8b7fd7221720d18ef27d561818db96ee9d6c9bfbfed32634413b4d8
G_new,164,3_740.jpg,1503792,3_741.jpg,1503792,ab45701b823fbff087e8ee1330a773258f288d7af6f42850334ddd2432080513
G_new,164,3_740.jpg,1503792,3_742.jpg,1503792,ab45701b823fbff087e8ee1330a773258f288d7af6f42850334ddd2432080513
G_new,165,3_702.jpg,385746,3_703.jpg,385746,ab7e31ae7ad3c88c3c7d3343a6fe9cc0b6f58cabad56d30ee28d71a03cb7cb9c
G_new,165,3_702.jpg,385746,3_704.jpg,385746,ab7e31ae7ad3c88c3c7d3343a6fe9cc0b6f58cabad56d30ee28d71a03cb7cb9c
G_new,166,0_743.jpg,1918800,0_744.jpg,1918800,ab8839afe09d2710d38730fc444754b48d28d38809f5102b63c1d87219736ccf
G_new,166,0_743.jpg,1918800,0_745.jpg,1918800,ab8839afe09d2710d38730fc444754b48d28d38809f5102b63c1d87219736ccf
G_new,167,3_203.jpg,863765,3_344.jpg,863765,abdc0a73dc8b701b7e22fb4b243c53113d95ad58d418879c13261cdbe74cbdac
G_new,168,0_679.jpg,1918800,0_680.jpg,1918800,ac1b60ee554f5722cf8ae0a19f9c5f65e611b4e6bc0a9d71f0664a2b9e08b00b
G_new,169,0_688.jpg,1918800,0_689.jpg,1918800,adf7de9d0ab8bb7ffaeb3b4a2098fc8cfedcd49b5ce4482b40d4cf068a2394c0
G_new,169,0_688.jpg,1918800,0_690.jpg,1918800,adf7de9d0ab8bb7ffaeb3b4a2098fc8cfedcd49b5ce4482b40d4cf068a2394c0
G_new,170,0_908.jpg,1918800,0_909.jpg,1918800,aeb4aff9257470b7c0d543b333ff013e9d23e0f2099eabb97f7fcf293caffdec
G_new,170,0_908.jpg,1918800,0_910.jpg,1918800,aeb4aff9257470b7c0d543b333ff013e9d23e0f2099eabb97f7fcf293caffdec
G_new,171,3_215.jpg,912181,3_322.jpg,912181,b1e15948404a18694c802e3d721c28e748ef3c2a6bb9ff61ee718607c780b326
G_new,172,3_211.jpg,1850638,3_327.jpg,1850638,b200cb1240e5002813b5e6b3fb15f995e7c14143b3b631c1ad13ed65110dfc09
G_new,173,3_785.jpg,1577600,3_786.jpg,1577600,b36ed66bf49a44fef463ddd6d161417122a8822cf00cd1aa2cdf0bf36beec13b
G_new,173,3_785.jpg,1577600,3_787.jpg,1577600,b36ed66bf49a44fef463ddd6d161417122a8822cf00cd1aa2cdf0bf36beec13b
G_new,174,0_917.jpg,1918800,0_918.jpg,1918800,b41e68e5a5178017214fab700984fd0a8cce6a2b68acac1954faa43c745d3dcb
G_new,174,0_917.jpg,1918800,0_919.jpg,1918800,b41e68e5a5178017214fab700984fd0a8cce6a2b68acac1954faa43c745d3dcb
G_new,175,0_667.jpg,1918800,0_668.jpg,1918800,b4af36023a13e9d60cb49bcbd5a153b60c67b0fc928fbf4796953f4a635322c5
G_new,175,0_667.jpg,1918800,0_669.jpg,1918800,b4af36023a13e9d60cb49bcbd5a153b60c67b0fc928fbf4796953f4a635322c5
G_new,176,3_556.jpg,1807692,3_557.jpg,1807692,b6fd6ae42e81a9ab0479f9cd24aba41581b9767c7b05e01c132c322ff3801dce
G_new,177,3_893.jpg,1188496,3_894.jpg,1188496,b73f02d8c66541d519fc652d47abfb175ec9961ff2c79a21265b17e5bd00a044
G_new,177,3_893.jpg,1188496,3_895.jpg,1188496,b73f02d8c66541d519fc652d47abfb175ec9961ff2c79a21265b17e5bd00a044
G_new,178,3_897.jpg,652167,3_898.jpg,652167,b769f45606059b4bf0547dd047b44cb42b8ea707117f46e895e178c6b432de1a
G_new,178,3_897.jpg,652167,3_899.jpg,652167,b769f45606059b4bf0547dd047b44cb42b8ea707117f46e895e178c6b432de1a
G_new,179,3_209.jpg,963050,3_331.jpg,963050,b79dedb9a5f7094eadcc28f47dd7cf92407d98c6317fd822e00a11bd3a6bb5c0
G_new,180,0_872.jpg,1918800,0_873.jpg,1918800,b8c051ffd9a53a4f25a096a0fa4e2efd258266541749bacad0538f63eb483280
G_new,180,0_872.jpg,1918800,0_874.jpg,1918800,b8c051ffd9a53a4f25a096a0fa4e2efd258266541749bacad0538f63eb483280
G_new,181,0_664.jpg,1918800,0_665.jpg,1918800,b9ca16957db911aaea6a68d468b8f8c7cb81e014b27d1f2183620f23bb4887a0
G_new,182,0_764.jpg,1918800,0_765.jpg,1918800,be91481bf202e16c58314c6661dd69cd65a6dffc37ce67502a9e9e2db2b93f8f
G_new,182,0_764.jpg,1918800,0_766.jpg,1918800,be91481bf202e16c58314c6661dd69cd65a6dffc37ce67502a9e9e2db2b93f8f
G_new,183,3_674.jpg,524172,3_675.jpg,524172,befc56c83e4044753ece07dc9c608375f00b60e4ed57c0b9bcb19833981c38e2
G_new,183,3_674.jpg,524172,3_677.jpg,524172,befc56c83e4044753ece07dc9c608375f00b60e4ed57c0b9bcb19833981c38e2
G_new,184,3_813.jpg,818496,3_814.jpg,818496,c1b9b3896a27cad53e562c4dff8491bc561a58bd787b91d438ed95cdd2d26f86
G_new,184,3_813.jpg,818496,3_815.jpg,818496,c1b9b3896a27cad53e562c4dff8491bc561a58bd787b91d438ed95cdd2d26f86
G_new,185,0_905.jpg,1918800,0_906.jpg,1918800,c3101e107bf0bcf72a08ca7495cb09165f7fdf9ed61971cd5d71c1df6d23aafd
G_new,186,3_584.jpg,612234,3_585.jpg,612234,c4e57e63113bc74442783b3e5be32a7b1c597dc9365918afbd1e19c7a948ee71
G_new,187,3_890.jpg,965885,3_891.jpg,965885,c57520b386441d966d9bf8fbe5a93e59ed14f10ed123be661e6395672ff77536
G_new,187,3_890.jpg,965885,3_892.jpg,965885,c57520b386441d966d9bf8fbe5a93e59ed14f10ed123be661e6395672ff77536
G_new,188,3_777.jpg,995328,3_778.jpg,995328,c6680df3a92fc5dd9617c3ace67796fd1d1bfded308e96984681f4e3eb4db63a
G_new,188,3_777.jpg,995328,3_779.jpg,995328,c6680df3a92fc5dd9617c3ace67796fd1d1bfded308e96984681f4e3eb4db63a
G_new,189,0_788.jpg,1918800,0_789.jpg,1918800,c6e8346a2400e23e5e1521a64ae9370a08125b64bac01502e7926f48d7fa5f72
G_new,189,0_788.jpg,1918800,0_790.jpg,1918800,c6e8346a2400e23e5e1521a64ae9370a08125b64bac01502e7926f48d7fa5f72
G_new,190,0_773.jpg,1918800,0_774.jpg,1918800,c712bfffbcf62484d85c8192dfc676a2d8771a5a4cbe9a2505c7c54db217347a
G_new,191,3_632.jpg,763813,3_633.jpg,763813,c72502804ae90ec714cf82dd19473714ea4d06b8b64c916986508ab7686fafe8
G_new,192,3_572.jpg,1074906,3_574.jpg,1074906,c9387058019a2f580bca6b9318e333ba4f5346efae99ddedf0d74a0a8d7e39df
G_new,193,0_715.jpg,1918800,0_716.jpg,1918800,c962b379ba9428096aee66f546a350f14e310e52240e84d5c397fb101ee69ea4
G_new,193,0_715.jpg,1918800,0_717.jpg,1918800,c962b379ba9428096aee66f546a350f14e310e52240e84d5c397fb101ee69ea4
G_new,194,3_862.jpg,1484385,3_863.jpg,1484385,cc4269554abc6247a74aadac844e569fcebc78973c59a3f0986b219b70fa48bf
G_new,194,3_862.jpg,1484385,3_864.jpg,1484385,cc4269554abc6247a74aadac844e569fcebc78973c59a3f0986b219b70fa48bf
G_new,195,0_845.jpg,1918800,0_846.jpg,1918800,cc73de28a93c96a140811b0ce415829416e88518ead5ae9650c905e98854a201
G_new,195,0_845.jpg,1918800,0_847.jpg,1918800,cc73de28a93c96a140811b0ce415829416e88518ead5ae9650c905e98854a201
G_new,196,0_866.jpg,1918800,0_867.jpg,1918800,cc843f58d81223bafa5aee77e9b565add823fc685959b6bc9bf9df106252396b
G_new,196,0_866.jpg,1918800,0_868.jpg,1918800,cc843f58d81223bafa5aee77e9b565add823fc685959b6bc9bf9df106252396b
G_new,197,3_538.jpg,623124,3_539.jpg,623124,cc9b2454a8597c991c76954c1ee51dafa1563d76b533f78f7a59f56da8846ab7
G_new,198,3_757.jpg,670005,3_758.jpg,670005,d1e743c75f7fbbc239714a189c5929c62f946969fea60accba97ea42ab8235c5
G_new,198,3_757.jpg,670005,3_759.jpg,670005,d1e743c75f7fbbc239714a189c5929c62f946969fea60accba97ea42ab8235c5
G_new,199,0_833.jpg,1918800,0_834.jpg,1918800,d2b7f2095f70661cc390ff152b485422ce99dc524cc95ce72459985436f6aa6c
G_new,199,0_833.jpg,1918800,0_835.jpg,1918800,d2b7f2095f70661cc390ff152b485422ce99dc524cc95ce72459985436f6aa6c
G_new,200,3_608.jpg,1198272,3_609.jpg,1198272,d3842d93323de64cd00d508a7837ba156a2fa161588063ec356176111b451b95
G_new,201,0_670.jpg,1918800,0_671.jpg,1918800,d3af419e0ac0686b7bb38f2032ba9357a252a6e653a0dd745b1b022a3149bdfb
G_new,202,3_923.jpg,728654,3_924.jpg,728654,d608ab87eb16c28db1c86764f91e08d45227cdeef4b9398950f3aefe38866b08
G_new,202,3_923.jpg,728654,3_925.jpg,728654,d608ab87eb16c28db1c86764f91e08d45227cdeef4b9398950f3aefe38866b08
G_new,203,3_820.jpg,465117,3_821.jpg,465117,d6363c77cb858483791463ffa94b17ba9c758074b2b0f95786ca289aec80c321
G_new,203,3_820.jpg,465117,3_822.jpg,465117,d6363c77cb858483791463ffa94b17ba9c758074b2b0f95786ca289aec80c321
G_new,204,0_815.jpg,1918800,0_816.jpg,1918800,d68b30ee6ba0e21aeb53e50483cb8509e94a7f6273e6ae19d9f453b4b8cd588a
G_new,204,0_815.jpg,1918800,0_817.jpg,1918800,d68b30ee6ba0e21aeb53e50483cb8509e94a7f6273e6ae19d9f453b4b8cd588a
G_new,205,3_212.jpg,862692,3_325.jpg,862692,d6d5d5e52b831265cec98c4113ffe82951b2af70d92aa68be73199012496326f
G_new,206,3_600.jpg,562034,3_601.jpg,562034,d6ff605174a98b87d5d382665c1347d76f9ce9693c79a7fe5e90b041b21a4347
G_new,207,3_596.jpg,955134,3_598.jpg,955134,d8062882de922d4c3b0ae275cd6efb57821dc60e8ddad35fe12047f34e983e73
G_new,208,3_727.jpg,543789,3_728.jpg,543789,d92a22a3fce26a8f5f35687a1c625860596e4cec831699efade93174beaea38b
G_new,208,3_727.jpg,543789,3_729.jpg,543789,d92a22a3fce26a8f5f35687a1c625860596e4cec831699efade93174beaea38b
G_new,209,0_800.jpg,1918800,0_801.jpg,1918800,dd0a61448597d3bb4335310e679f2d5c62fcb29a35ead2bf68cb888a698fabe8
G_new,210,0_851.jpg,1918800,0_852.jpg,1918800,dd1ebcc974663e10b1e61c7b82188bc15cc29f2168962cbe24d0236cad84598c
G_new,210,0_851.jpg,1918800,0_853.jpg,1918800,dd1ebcc974663e10b1e61c7b82188bc15cc29f2168962cbe24d0236cad84598c
G_new,211,3_547.jpg,563550,3_548.jpg,563550,ddb57133711f307a6ffbd20ebf6879c4cf400ae7e04b128a617b41df9345dbc5
G_new,212,0_875.jpg,1918800,0_876.jpg,1918800,de0db1a6b8126075be56862c65730bf6d00a3c021b0f14ad285f8d14505ff338
G_new,212,0_875.jpg,1918800,0_877.jpg,1918800,de0db1a6b8126075be56862c65730bf6d00a3c021b0f14ad285f8d14505ff338
G_new,213,3_202.jpg,871024,3_346.jpg,871024,def5484ca129c4127d0bce9f1f5654acddd7d705d63fd85fe95e4cde7ee8e63c
G_new,214,3_754.jpg,669060,3_755.jpg,669060,df5757cc3fe8d2ffe742b99ab2f9c0c3e23ef96053f460a6256a5d96fc90cecd
G_new,214,3_754.jpg,669060,3_756.jpg,669060,df5757cc3fe8d2ffe742b99ab2f9c0c3e23ef96053f460a6256a5d96fc90cecd
G_new,215,3_794.jpg,809381,3_795.jpg,809381,dfd7e04d8a44ca85cb1e683a4190446d3aefb4e68332210bbf1de5f1aa58a232
G_new,215,3_794.jpg,809381,3_796.jpg,809381,dfd7e04d8a44ca85cb1e683a4190446d3aefb4e68332210bbf1de5f1aa58a232
G_new,216,0_896.jpg,1918800,0_897.jpg,1918800,e048850ed939c1df0269032b55e3c5ad3d5ddb99aedcb64546c31dd27b9b8be3
G_new,217,3_208.jpg,1417625,3_333.jpg,1417625,e1e3915f280f2a35f361541528dd5a20c3e06a77cacb4f2c185c9e726dd6af5d
G_new,218,3_201.jpg,776734,3_347.jpg,776734,e2759e239c4124bf2b66cfb585039529b4630fb7cfd3b163ecf6d62301a46582
G_new,219,0_902.jpg,1918800,0_903.jpg,1918800,e2939339dc7150a27fdc04e354ac2873ea2c3182bc495b9cbc18c166f415fdb2
G_new,220,3_750.jpg,1047252,3_751.jpg,1047252,e399374e40c01bb05482d236c43303e64a877887484c3026e0dc28d59e370575
G_new,220,3_750.jpg,1047252,3_752.jpg,1047252,e399374e40c01bb05482d236c43303e64a877887484c3026e0dc28d59e370575
G_new,221,3_743.jpg,875880,3_744.jpg,875880,e5d87c738c58b2eac8e0cf73517a1b52b5c6ce1dd0f200a2b4e1a2bc8eea0412
G_new,221,3_743.jpg,875880,3_745.jpg,875880,e5d87c738c58b2eac8e0cf73517a1b52b5c6ce1dd0f200a2b4e1a2bc8eea0412
G_new,222,3_663.jpg,2065455,3_664.jpg,2065455,e81c5c51d8de605c88ebd56209c6a3f5d4f8084653d22d47fab84631914a86e6
G_new,222,3_663.jpg,2065455,3_665.jpg,2065455,e81c5c51d8de605c88ebd56209c6a3f5d4f8084653d22d47fab84631914a86e6
G_new,223,3_845.jpg,505736,3_846.jpg,505736,e83f5525727c89539128dbff12fd53d90481714d243c664e30a1a5a8d3dfd5ab
G_new,223,3_845.jpg,505736,3_847.jpg,505736,e83f5525727c89539128dbff12fd53d90481714d243c664e30a1a5a8d3dfd5ab
G_new,224,0_830.jpg,1918800,0_831.jpg,1918800,ea3439dea228589bdee175b3dcf5d6f0fa91fab989ef0f69d0be0a0a3222ad4a
G_new,224,0_830.jpg,1918800,0_832.jpg,1918800,ea3439dea228589bdee175b3dcf5d6f0fa91fab989ef0f69d0be0a0a3222ad4a
G_new,225,0_685.jpg,1918800,0_686.jpg,1918800,ea5d14767f0a9ee0028fb320f5c0187c3c9da0d526f9fd14d39fe5c974969b15
G_new,226,3_824.jpg,863765,3_825.jpg,863765,ea61f525e0b620d1eef4662088e761c051626ebdf3f5358a6c0eb9a4b5789ebd
G_new,226,3_824.jpg,863765,3_826.jpg,863765,ea61f525e0b620d1eef4662088e761c051626ebdf3f5358a6c0eb9a4b5789ebd
G_new,227,3_689.jpg,976696,3_690.jpg,976696,ea94cc8380d14bb09a354d78b07c9a913a60546b5369aba89a084ae2a4509936
G_new,227,3_689.jpg,976696,3_691.jpg,976696,ea94cc8380d14bb09a354d78b07c9a913a60546b5369aba89a084ae2a4509936
G_new,228,0_881.jpg,1918800,0_882.jpg,1918800,eae269a034fbd2770840152c52ecb46e20599ebc38c33fc51655e11e93b0cbcb
G_new,228,0_881.jpg,1918800,0_883.jpg,1918800,eae269a034fbd2770840152c52ecb46e20599ebc38c33fc51655e11e93b0cbcb
G_new,229,0_884.jpg,1918800,0_885.jpg,1918800,ecb40f514fdc2ce4c89337db1535ce68077b8224f7cbc91160af494e94ce3238
G_new,229,0_884.jpg,1918800,0_886.jpg,1918800,ecb40f514fdc2ce4c89337db1535ce68077b8224f7cbc91160af494e94ce3238
G_new,230,0_731.jpg,1918800,0_732.jpg,1918800,eced66d249d14545bff8f5d9cf617705154f7e0288ab3d0b651dc34d4b17fc7a
G_new,231,3_553.jpg,949500,3_554.jpg,949500,ed08ac669f75afb7526b14faeff77f43bb4b23aac0dcf737bd7618877975c527
G_new,232,3_919.jpg,831870,3_920.jpg,831870,ee65192dea4b147d41b181d63ff42f471daa352a15ef107dcdd2a49f6bc5288e
G_new,232,3_919.jpg,831870,3_921.jpg,831870,ee65192dea4b147d41b181d63ff42f471daa352a15ef107dcdd2a49f6bc5288e
G_new,233,0_803.jpg,1918800,0_804.jpg,1918800,ef059ec33f935ac05775d0d7e67103477ad0a159c3d8e88f081438e8a9ad05ce
G_new,233,0_803.jpg,1918800,0_805.jpg,1918800,ef059ec33f935ac05775d0d7e67103477ad0a159c3d8e88f081438e8a9ad05ce
G_new,234,3_587.jpg,1040174,3_588.jpg,1040174,f183a33a0b3cc5d81c8f0fc03af303a60741fdf9bc8905661e3da8ef1b5f4546
G_new,235,3_205.jpg,643570,3_340.jpg,643570,f713113ab6d7429cc70e588ee9ce384e7699edf89a66904f212b7f0efa8c2d83
G_new,236,3_884.jpg,587640,3_885.jpg,587640,f7b70babc486c2cee078eb43ae435ddcf0217865b84599dd287da0f94a97c436
G_new,236,3_884.jpg,587640,3_886.jpg,587640,f7b70babc486c2cee078eb43ae435ddcf0217865b84599dd287da0f94a97c436
G_new,237,3_871.jpg,840846,3_872.jpg,840846,fbc618feac8a616fd6dbea8a0e23aab39bb1c991895c677c1c54a90d16d8baca
G_new,237,3_871.jpg,840846,3_873.jpg,840846,fbc618feac8a616fd6dbea8a0e23aab39bb1c991895c677c1c54a90d16d8baca
G_new,238,0_887.jpg,1918800,0_888.jpg,1918800,fc979dd0d51055de0d303fc53231a4c091e8363493f969c7f8c6dda61ad588cf
G_new,238,0_887.jpg,1918800,0_889.jpg,1918800,fc979dd0d51055de0d303fc53231a4c091e8363493f969c7f8c6dda61ad588cf
G_new,239,0_809.jpg,1918800,0_810.jpg,1918800,fd91fa5831c82ec30f9a683159c5d38bb76b80cebcff8308912eeb611bfa97c7
G_new,239,0_809.jpg,1918800,0_811.jpg,1918800,fd91fa5831c82ec30f9a683159c5d38bb76b80cebcff8308912eeb611bfa97c7
G_new,240,0_797.jpg,1918800,0_798.jpg,1918800,ffaaf8281974f550a0bc1fa3e4c486d30989a0cf7269590b44d37e95c7288f54
G_new,240,0_797.jpg,1918800,0_799.jpg,1918800,ffaaf8281974f550a0bc1fa3e4c486d30989a0cf7269590b44d37e95c7288f54
